Gene Name,Product,Start,End,Strand,Category,Translation,feature type,Intergenic_Flag
repA,Replication regulatory protein repA,179,439,+,"Plasmid Maintenance, Replication and Regulation",MSQTENAVTSSLSQKRFVRRGKPMTDSEKQMAAVARKRLTHKEIKVFVKNPLKDLMVEYCEREGITQAQFVEKIIKDELQRLDILK*,CDS,0
IncFIC(FII),Predicted replicon,466,733,+,Replicon,TAGATTACTGATCGTTTAAGGAATTTTGTGGCTGGCCACGCCGTAAGGTGGCAAGGAACTGGTTCTGATGTGGATTTACAGGAGCCAGAAAAGCAAAAACCCCGATAATCTTCTTCAACTTTGGCGAGTACGAAAAGATTACCGGGGCCCACTTAAACCGTATAGCCAACAATTCAGCTATGCGGGGAGTATAGTTATATGCCCGGAAAAGTTCAAGACTTCTTTCTGTGCTCGCTCCTTCTGCGCATTGTAAGTGCAGGATGGTGTG,Replicon,0
CopA,CopA-like RNA,646,556,-,Non coding RNA/Regulatory elements,ATAGCTGAATTGTTGGCTATACGGTTTAAGTGGGCCCCGGTAATCTTTTCGTACTCGCCAAAGTTGAAGAAGATTATCGGGGTTTTTGCTT,NC_RNA,0
repB,Replication initiator protein RepB,731,1588,+,"Plasmid Maintenance, Replication and Regulation",VTDLHQTYYRQVKNPNPVFTPREGAGTLKFCEKLMEKAVGFTSRFDFAIHVAHARSRGLRRRMPPVLRRRAIDALLQGLCFHYDPLANRVQCSITTLAIECGLATESGAGKLSITRATRALTFLSELGLITYQTEYDPLIGCYIPTDITFTLALFAALDVSEDAVAAARRSRVEWENKQRKKQGLDTLGMDELIAKAWRFVRERFRSYQTELKSRGIKRARARRDANRERQDIVTLVKRQLTREISEGRFTANGEAVKREVERRVKERMILSRNRNYSRLATASP*,CDS,0
oriV,Origin of Replication,1589,2527,+,Origin of Replication,AAGTGATCTCCTCAGAATAATCCGGCCTGCGCCGGAGGCATCCGCACGCCTGAAGCCCGCCGGTGCACAAAAAAACAGCGTCGCATGCAAAAAACAATCTCATCATCCACCTTCTGGAGCATCCGATTCCCCCTGTTTTTAATACAAAATACGCCTCAGCGACGGGGAATTTTGCTTATCCACATTTAACTGCAAGGGACTTCCCCATAAGGTTACAACCGTTCATGTCATAAAGCGCCAGCCGCCAGTCTTACAGGGTGCAATGTATCTTTTAAACACCTGTTTATATCTCCTTTAAACTACTTAATTACATTCATTTAAAAAGAAAACCTATTCACTGCCTGTCCTGTGGACAGACAGATATGCACCTCCCACCGCAAGCGGCGGGCCCCGACCGGAGCCACTTTAGTTACAACACACAAAAACAACCTCCAGAAAAACCCCGGTCCAGCGCAGAACCGAAACCACAAAGCCCCTCCCTCATAACTGAAAAGCGGCCCCGCCCCGGCCCAAAGGGCCGGAACAGAGTCGCTTTTAATTATGAATGTTGTAACTACATCTTCATCGCTGTCAGTCTTCTCGCTGGAAGTTCTCAGTACACGCTCGTAAGCGGCCCTCACGGCCCGCTAACGCGGAGATACGCCCCGACTTCGGGTAAACCCTCGTCGGGACCACTCCGACCGCGCACAGAAGCTCTCTCATGGCTGAAAGCGGGTATGGTCTGGCAGGGCTGGGGATGGGTAAGGTGAAATCTATCAATCAGTACCGGCTTACGCCGGGCTTCGGCGGTTTTACTCCTGTATCATATGAAACAACAGAGTGCCGCCTTCCATGCCGCTGATGCGGCATATCCTGGTAACGATATCTGAATTGTTATACATGTGTATATACGTGGTAATGACAAAAATAGGACAAGTTAAAAATTTACAGGCGATGCAA,ORIV,0
mcmM,microcin m Inhibitor of plasmid transfer,2527,3180,+,Virulence and Defense Mechanism,MIQTRNQYLQFMLVMLAAWGISWGARFVMEQAVLLYGSGKNYLFFSHGTVLMYLLCVFLVYRRWIAPLPVVGQLRNVGVPWLVGAMAVVYVGVFLLGKALALPAEPFMTKLFADKSIPDVILTLLTIFILAPLNEETLFRGIMLNVFRSRYCWTMWLGALITSLLFVAAHSQYQNLLTLAELFLVGLITSVARIRSGGLLLPVLLHMEATTLGLLFG*,CDS,0
Tn6108,Predicted transposon,2696,7900,+,Mobile Element,TTTTCCTGGTATACCGCCGTTGGATAGCTCCGCTACCGGTCGTTGGTCAGCTGCGCAACGTTGGCGTACCGTGGCTGGTCGGTGCGATGGCCGTGGTGTATGTCGGTGTATTTCTGCTCGGTAAGGCGCTGGCTCTGCCTGCTGAGCCATTTATGACGAAACTTTTTGCCGATAAGTCCATACCTGACGTGATCCTGACGTTGCTGACCATCTTTATCCTTGCCCCGTTGAATGAGGAAACGCTGTTCCGGGGGATTATGCTGAACGTCTTCCGTTCACGGTACTGCTGGACGATGTGGCTGGGGGCGCTGATAACGTCGTTGTTGTTCGTCGCCGCGCACAGCCAGTATCAGAACCTGCTGACACTGGCAGAACTGTTCCTGGTGGGGTTGATTACATCAGTGGCCAGGATCAGAAGTGGTGGCCTGCTGCTGCCGGTATTGCTGCATATGGAAGCAACCACGCTGGGTTTACTGTTTGGTTGAAAGTTATATTTTTATTAAACATTGTGCGTTAAAGCCTGGTGTGTTTTTTTAGTGGATGTTATATTTAAATATAACTTTTATGGAGGTGAAGAATGCATACCACCCGACTGAAGAGGGTTGGCGGCTCAGTTATGCTGACCGTCCCACCGGCACTGCTGAATGCGCTGTCTCTGGGCACAGATAATGAAGTTGGCATGGTCATTGATAATGGCCGGCTGATTGTTGAGCCGTACAGACGCCCGCAATATTCACTGGCTGAGCTACTGGCACAGTGTGATCCGAATGCTGAAATATCAGCTGAAGAACGAGAATGGCTGGATGCACCGGCGACTGGTCAGGAGGAAATCTGACATGGAAAGAGGGGAAATCTGGCTTGTCTCGCTTGATCCTACCGCAGGTCATGAGCAGCAGGGAACGCGGCCGGTGCTGATTGTCACACCGGCGGCCTTTAATCGCGTGACCCGCCTGCCTGTTGTTGTGCCCGTAACCAGCGGAGGCAATTTTGCCCGCACTGCCGGCTTTGCGGTGTCGTTGGATGGTGTTGGCATACGTACCACAGGTGTTGTACGTTGCGATCAACCCCGGACAATTGATATGAAAGCACGGGGCGGAAAACGACTCGAACGGGTTCCGGAGACTATCATGAACGAAGTTCTTGGCCGCCTGTCCACTATTCTGACTTGAACATGGGGTTTGAGGGGCAACTGGATGAAAACGTACGATTTAGGGCACTAAAACCGCTGTTGTCCCACCATTCTGGTGATTCCCAAACGTTATTTGGCTAAAAAGTAGTTTTGATGTGGTTTATTTTCCGAATTCCAAGCGCAGCCCTACTTTCTTGTGCGTATTTGCGTGTTTTGCGCAGTTTTGAAGTTCCTACATCAGATTGACTTCGGATACAAATTCAATGAACATTGATGCAAATACTGACCTATCAGTTTCTTAACTAAATACTCGAGATACATCTAATGGCTAATGAAAACTTAGATATTGACTCCAAGACAGCAGAAGAATTATACGAGTGGTATCTGGATGATAAATTAATTATAAATCGAAGATACCAAAGAAAATTAGTATGGTCCCTCGAAGAGAAAACAGCACTGATTTCATCAATGACTCAGCAATACCCTATCCCTTTGCTATTGTTTGTTTCCATTGACAACAAAAGAGAAATCCTTGATGGAATGCAAAGACTAGAAGCTTTAATGAGTTTTATTGAGCAGCGATTTTCATTAAATGGTAAATACTTTAATTTAGATGCCATTGCATTAACAAAACAACTAAAAGACAGTGGTAAACTTCAACAAAAAGAGCCAGTGCTATCCCGCGAAAGTTCTACATTAATTGCTCGCTATAGATTTGCTATATCTGAATACTCTTCAACAGAGGACCACATTGACGAAGTGTTTCGACGCATAAATTCCAATGGTAAAATTTTATCAAAACAAGAACTACGAAGTGCGGGGTGCGTTAGTAATTTTTCAGAGTTAGTAAGGAAAATATCGACAATTATAAGAGGAGATACTACACATAGCGATATAATGGGACTGAATAAAATACATAACATATCAATTTGCAATGATGGACTCGATTATGGAATAAATATAGACAATCATTTCTATATTAGAAATCATATCATTAGTAGGCCTAGCATTAGAGACTCTGACGATGAAGAGTTAGTTGCAAATATCTTGGGCTATATATTTTTAGATGATAAGCCAACATCAGGATCAACATCGCTCGATACATTTTACGGTGAAGGTTCGACGAGTCATGCAATCCATACACGAACTCAATTAGAGAATTACATTCAGACAAATGGTGCAGATAAAATTGTCAATAATTACCTCTTCGTTTATGAGATGATTCAAAAATTATTTGATGCAAATAATTTGAACTTTAGATCACACATTCTGGGCAATGCATCTTCATCTCAAGAATGTCCTCGTTACTATCAAGCTGTTTTTCTTGCTTTGTATGAATTAATCATAAATGAAAACATGCAACTTGACGATGAACAGAAATTTATCGCTCAGTTAGGAGACAGTGTACAACGTTCAATGGTGCAAACCGAAGGGGGCCGTTGGGCAGCTAGCGCTCGTCAGAAAAGTGTCGAAGATTTATGTGCTTTAATCAGACGATATTTTAAAGAATCAGAAAATAAATTTATCAATCATGCTTGGCAAACACTGATAAGAACTCTACTTAATAACTCAAGAACAGAACAACCAAATTATGATTTTAAACAGGGAGGTGATGCTGCCAACTTACTGATTTAGTGTATGATGGTGTTTTTGAGGTGCTCCAGTGGCTTCTGTTTCTATCAGCTGTCCCTCCTGTTCAGCTACTGACGGGGTGGTGCGTAACGGCAAAAGCACCGCCGGACATCAGCGCTATCTCTGCTCTCACTGCCGTAAAACATGGCAACTGCAGTTCACTTACACCGCTTCTCAACCCGGTACGCACCAGAAAATCATTGATATGGCCATGAATGGCGTTGGATGCCGGGCAACCGCCCGCATTATGGGCGTTGGCCTCAACACGATTTTCCGCCATTTAAAAAACTCAGGCCGCAGTCGGTAACCTCGCGCATACAGCCGGGCAGTGACGTCATCGTCTGCGCGGAAATGGACGAACAGTGGGGATACGTCGGGGCTAAATCGCGCCAGCGCTGGCTGTTTTACGCGTATGACAGGCTCCGGAAGACGGTTGTTGCGCACGTATTCGGTGAACGCACTATGGCGACGCTGGGGCGTCTTATGAGCCTGCTGTCACCCTTTGACGTGGTGATATGGATGACGGATGGCTGGCCGCTGTATGAATCCCGCCTGAAGGGAAAGCTGCACGTAATCAGCAAGCGATATACGCAGCGAATTGAGCGGCATAACCTGAATCTGAGGCAGCACCTGGCACGGCTGGGACGGAAGTCGCTGTCGTTCTCAAAATCGGTGGAGCTGCATGACAAAGTCATCGGGCATTATCTGAACATAAAACACTATCAATAAGTTGGAGTCATTACCGTCATCCATGAATCAGCTTTTGAGGCCGGGAAAAAGGATAACGATAAAGAATGGAAACTGAAGTGGTCGGAGCGCGACAAGGCCGATAAAGAAGCGCAATTGACACAGGAACAAGCGCAGCGTGAAGAAGAACTCCGGCGTAAGAAGAAAACAGAGGAAATTGTAAATGATGCAGAACGGGAAAAACAAAAGGCACTGGCTGATGCTGTTGACGCTGATAATGCTGCTGACCAGTTGCGCGGGCAACTCGCCAAAATCAGGCGTGAACTCGCAACCAGTGAAACAGGCAGGATTTCCGCAGATGCCGCCAGAAGGCAGACAGCCGCCGAGACCGCAAGTTTGCTTGCCGACCTGTACGAAGAATCAGACCGTCGTGCGGGAGAAATCGCTAAATATGCTGACGCAGCAGCCAGTGCCGGTAGCGTCTGCGAACGCACATATGACGCGGTAACGCGATCTGTTGAGTGATCGAAACGGATCAATTAATGCCCGTATGTGATTGATAATTTGGATGGTTGAATGAAAAGGGCGGGGATGTGATGTGGATTGCTTGTTTGTAGTTGATTTTTAAACTGACTACGGATACGCTTTAAGGCACGGAGAACAAGGGTTTTCTGAGATTAACGCGCATAACAAGCGGTTTACTCGTTTTGGCCTGCAATGTAACATAATATACATTATGCGCACTAAGGTAGAGGCAGCAAGATTATGCGGTTTTGATCAGAACTCAGTTAACCATCCCGGGATTCTGCTCTGGCCCATTCAGCGCAGTTTTTTACTTTGGATGAAGTTAACCCATGTTATATTGCACAAGATAAAAATATATCATCATGAACAATAAAACTGTCTGCTTACATAAACAGTAATACAAGGGGTGTTATGAGCCATATTCAACGGGAAACGTCTTGCTCGAGGCCGCGATTAAATTCCAACCTGGATGCTGATTTATATGGGTATAGATGGGCTCGCGATAATGTCGGGCAATCAGGTGCGACAATCTATCGATTGTATGGGAAGCCCAATGCGCCAGAGTTGTTTCTGAAACATGGCAAAGGTAGCGTTGCCAATGATGTTACAGATGAGATGGTCAGACTAAACTGGCTGACGGCATTTATGCCTCTTCCGACCATCAAGCATTTTATCCGTACTCCTGATGATGCATGGTTACTCACCACTGCGATCCCCGGGAAAACAGCATTCCAGGTATTAGAAGAATATCCTGATTCAGGTGAAAATATTGTTGATGCGCTGGCAGTGTTCCTGCGCCGGTTGCATTCGATTCCTGTTTGTAATTGTCCTTTTAACAGCGATCGCGTATTTCGTCTCGCTCAGGCGCAATCACGAATGAATAACGGTTTGGTTGATGCTAGTGATTTTGATGACGAGCGTAATGGCTGGCCTGTTGAACAAGTCTGGAAAGAAATGCATAAGCTTTTGCCATTCTCACCGGATTCAGTCGTCACTCATGGTGATTTCTCACTTGATAACCTTATTTTTGACGAGGGGAAATTAATAGGTTGTATTGATGTTGGACGAGTCGGAATCGCAGACCGATACCAGGATCTTGCCATCCTATGGAACTGCCTCGGTGAGTTTTCTCCTTCATTACAGAAACGGCTTTTTCAAAAATATGGTATTGATAATCCTGATATGAATAAATTGCAGTTTCATTTGATGCTCGATGAGTTTTTCTGATATTT,MGE,0
pemI,type II toxin-antitoxin system antitoxin PemI,3273,3530,+,Toxin-Antitoxin System,MHTTRLKRVGGSVMLTVPPALLNALSLGTDNEVGMVIDNGRLIVEPYRRPQYSLAELLAQCDPNAEISAEEREWLDAPATGQEEI*,CDS,0
pemK,type II toxin-antitoxin system PemK/MazF family toxin pemK,3532,3864,+,Toxin-Antitoxin System,MERGEIWLVSLDPTAGHEQQGTRPVLIVTPAAFNRVTRLPVVVPVTSGGNFARTAGFAVSLDGVGIRTTGVVRCDQPRTIDMKARGGKRLERVPETIMNEVLGRLSTILT*,CDS,0
delta diV,divergent AAA domain protein,4149,5459,+,Virulence and Defense Mechanism,MANENLDIDSKTAEELYEWYLDDKLIINRRYQRKLVWSLEEKTALISSMTQQYPIPLLLFVSIDNKREILDGMQRLEALMSFIEQRFSLNGKYFNLDAIALTKQLKDSGKLQQKEPVLSRESSTLIARYRFAISEYSSTEDHIDEVFRRINSNGKILSKQELRSAGCVSNFSELVRKISTIIRGDTTHSDIMGLNKIHNISICNDGLDYGINIDNHFYIRNHIISRPSIRDSDDEELVANILGYIFLDDKPTSGSTSLDTFYGEGSTSHAIHTRTQLENYIQTNGADKIVNNYLFVYEMIQKLFDANNLNFRSHILGNASSSQECPRYYQAVFLALYELIINENMQLDDEQKFIAQLGDSVQRSMVQTEGGRWAASARQKSVEDLCALIRRYFKESENKFINHAWQTLIRTLLNNSRTEQPNYDFKQGGDAANLLI*,CDS,0
insA,insertion element protein InsA,5488,5763,+,Non-conjugative DNA mobility,VASVSISCPSCSATDGVVRNGKSTAGHQRYLCSHCRKTWQLQFTYTASQPGTHQKIIDMAMNGVGCRATARIMGVGLNTIFRHLKNSGRSR*,CDS,0
insB,insertion element protein InsB,5808,6185,+,Non-conjugative DNA mobility,MDEQWGYVGAKSRQRWLFYAYDRLRKTVVAHVFGERTMATLGRLMSLLSPFDVVIWMTDGWPLYESRLKGKLHVISKRYTQRIERHNLNLRQHLARLGRKSLSFSKSVELHDKVIGHYLNIKHYQ*,CDS,0
ORF,Open reading frame,6367,6651,+,Open reading frame,MMQNGKNKRHWLMLLTLIMLLTSCAGNSPKSGVNSQPVKQAGFPQMPPEGRQPPRPQVCLPTCTKNQTVVREKSLNMLTQQPVPVASANAHMTR*,CDS,0
aph(3')-IA,aminoglycoside 3'-phosphotransferase,7080,7895,+,Antibiotic Resistance,MSHIQRETSCSRPRLNSNLDADLYGYRWARDNVGQSGATIYRLYGKPNAPELFLKHGKGSVANDVTDEMVRLNWLTAFMPLPTIKHFIRTPDDAWLLTTAIPGKTAFQVLEEYPDSGENIVDALAVFLRRLHSIPVCNCPFNSDRVFRLAQAQSRMNNGLVDASDFDDERNGWPVEQVWKEMHKLLPFSPDSVVTHGDFSLDNLIFDEGKLIGCIDVGRVGIADRYQDLAILWNCLGEFSPSLQKRLFQKYGIDNPDMNKLQFHLMLDEFF*,CDS,0
pgtA,two-component system response regulator PgtA,7904,9157,-,Stress Response,MMLSNECSILLIDDDRDVLDAYTQLLEQAGYHVHACDNPFDARAWVQKDWPGIVLSDVCMPGCSGIDLMTLFHQDDEQLPILLITGHGDVPMAVDAVKKGAWDFLQKPVDPGKLLSLVDAALRQRQAVIARRQYGQQKLRVELIGRSQWTEQYRQRLQQLAETDIAVWLYGEAGTGRMTGARYLHQLGRNAEGPFVYCELTAANAHKLNDAIAQAQGGTLVLSHPEHLTHEQQHLLVQAQSHEKRPFRLIGIGSASLVALAGSSQIVAELYYCFATTQIACLPLSRRPDDIEPLFHHYLQKTCQRLNHPVPEVDSHLLKGMIRRAWPNNVRELANAAELYAVGVLPLADTVNPLMHVGEPTPLDRRVEDVERQIITEALNLHQGRINEVAEYLLIPRKKLYLRMKKYGLSKEHYKGF*,CDS,0
pgtB,two-component system sensor histidine kinase PgtB,9144,10721,-,Other,VGELSARIDWLHDDFTTELNSLVQDFTWQQGTLLDQIEARQGDAAQYLKRSREVQNEQQQVYTLARIENQIVDDLRDRLNELKSGNDDGMLVETHIRYLENLKKTSDENIRALDDWPSTITLRQTIDELLEIGMVKNKMPDTMRDYVTAQKALVDASRAREATLGRFRTLLEAQLGSSHQQMQMFNQRMGQIVRVSGGLILVATLLALLLAWVLNHYFIRSRLVKRFTALNQAVVQIGLGRTDATIPVYGRDELGRIAGLLRHTLGQLNAQKQQLEQEIGERKTIEADLRATQDELIQTAKLAVVGQTMTTLAHEINQPLNALLMYLFTAGRAIEQGQTAQARATLSKAEGLINRIDAIIRSLRQFTRRAELETPLHPVDLRQTFTVAWELLAMRHKPQQGTLEIPDETVWIRGDEVRVHQVLVNVLSNALDACPNAAKITVSWQIHGDTLCVLIADNGPGWPAALLPSLLKPFTTSKDVGLGIGLSISVSLMTQMEGTLRLASTLTRNACVVLQFNLTDVNDVE*,CDS,0
ORF,Open reading frame,10756,11184,+,Open reading frame,MSAFDAIHFNLRVAEILAKHGISQVESILSMSSKIFGVLNREDHDELLFTLLAKSRAQLVDNGEFLDSWDAVNTNFTAANIADVYLVALECLKLSILPVTAGLKKNIGLDTAGTMQGAMRQLFSALLKTLTEPSAQNLSSGE*,CDS,0
ORF,Open reading frame,11312,13192,+,Open reading frame,MTDQSADLVTKIDVIPDLDGLNSFDAAIDKAIAKVNQLDAAIKRVNNLKPASPYAPSSASTAPTAAATAAIATVAATGTNLIARTPLAETVRRESQKVARAAVQGMGNGIGLPLLGGGGSGGGGLLLPPPRAGGFNPFDASNFSGEPLNTRKKPVADAVQSGIRNPFGVDTMLASAGLTVGIMAAGNALADSLDSIQRQQAQIARLTQTTGDAKEAFFALNQAASDVRSDSGAFISTYTNMATATQKLGKSQEETIRATQGLVGALQLGGGSAEAVNAALYQMGQAFSSDRFGGDEFRSFMEAIGTMAPEVAKAFGTDVKGLRAMSEAGKLTAETMINAFEKMAASNADLLKKQGWTWGQTMTVMKNDWQAFLAQATIGGEWRKFTDWAANTLIPLARSAEKEVAAFWSTLADESKSAILIGILGAVGAAFTALAIPVMAAIWPFLAIGAAVWVVYEAFVEWKAWMAGETGTIFDGLFGSFDEFEKRYPNIMKLLRALTGAVDDAANNMDKSNQNETLSDPDSFGGRVKKLMNPFYLANNAPAGMMNFLDGVIGFFGGGSSATDTANVSPAGKGGVIVNNSNSGNHQTQIIVSSPKEAAETVNNMAEPGTISGDLSGNIAESTGAR*,CDS,0
ORF,Open reading frame,13202,13447,+,Open reading frame,MGFFKFDQLITPKILAVVYLLLVIFCVVMALKAGSTDGMQMLGWVFAAIVARIPFELVMVTFKNNEYLRRICETAEAKKSD*,CDS,0
ORF,Open reading frame,13529,14125,+,Open reading frame,MAEGMDAAISVPRDKRAVMVFESGVTVSLRLKTREEVSAKRTIAQGKIETGYKISDGEVDDPKVASFEGIITGTDLPFAPLHMISAMNQAQAIQAAYDTKEFVSVYTSFMAMPQCRITSLSIEAVPKKNSYTVKLTAQKVDTVTFQRSRTKSAQAKTSKPAGKGKTSAGKKSATTVDANKEPQKVYALEKMRRVLGGA*,CDS,0
ORF,Open reading frame,14126,14464,+,Open reading frame,MEPAYYEIGVIASIPDQEFTSSLNGVVLNMRLFFATTTALWWLEISNADRTVTLSQICLRPGVWHGLSGKLPGYAGAGAIGVARLRPNEKFGDVNAFNGGFGLFFYDELESD*,CDS,0
ORF,Open reading frame,14465,14743,+,Open reading frame,VGKLWKRFIESLSPKKLGVLLALVVGFTLGAIKFWDWFKYRVGIITAALAVLSLNEWAVIIGILCTVVTCLVNWYYERKKYLVALGGGVRGE*,CDS,0
ORF,Open reading frame,14733,15263,+,Open reading frame,VGNKSKLSAVMLGLIAAGASAPVLMAQFQHEKEGTSLTAYQDKSRGVWTICGGVTYVDGKPVIKGMKLTRAQCDKIDKAEQAKALAWVDKNVHVPLTAPQKVGIASFCPWNIGPGKCFPSGFYRDLNAGNFKGACEQIQRWVWDAGRDCRIRENNCYGQVIRRDQESELTCWGMDK*,CDS,0
ORF,Open reading frame,15260,15361,+,Open reading frame,MKTKYAVLIGLIVASSLGGVGYVIHGDAANLLI*,CDS,0
Tn6108,Predicted transposon,15335,16546,+,Mobile Element,GGTGATGCTGCCAACTTACTGATTTAGTGTATGATGGTGTTTTTGAGGTGCTCCAGTGGCTTCTGTTTCTATCAGCTGTCCCTCCTGTTCAGCTACTGACGGGGTGGTGCGTAACGGCAAAAGCACCGCCGGACATCAGCGCTATCTCTGCTCTCACTGCCGTAAAACATGGCAACTGCAGTTCACTTACACCGCTTCTCAACCCGGTACGCACCAGAAAATCATTGATATGGCCATGAATGGCGTTGGATGCCGGGCAACCGCCCGCATTATGGGCGTTGGCCTCAACACGATTTTCCGCCATTTAAAAAACTCAGGCCGCAGTCGGTAACCTCGCGCATACAGCCGGGCAGTGACGTCATCGTCTGCGCGGAAATGGACGAACAGTGGGGATACGTCGGGGCTAAATCGCGCCAGCGCTGGCTGTTTTACGCGTATGACAGGCTCCGGAAGACGGTTGTTGCGCACGTATTCGGTGAACGCACTATGGCGACGCTGGGGCGTCTTATGAGCCTGCTGTCACCCTTTGACGTGGTGATATGGATGACGGATGGCTGGCCGCTGTATGAATCCCGCCTGAAGGGAAAGCTGCACGTAATCAGCAAGCGATATACGCAGCGAATTGAGCGGCATAACCTGAATCTGAGGCAGCACCTGGCACGGCTGGGACGGAAGTCGCTGTCGTTCTCAAAATCGGTGGAGCTGCATGACAAAGTCATCGGGCATTATCTGAACATAAAACACTATCAATAAGTTGGAGTCATTACCCCCCGGACGAGTGGGAATCCATGGTAGGGATTTTTACCGAAATGGAAGAACACTATTAGGGGGCACCTCAGAAAACGGAAAATAAAGCACGCTAAGGCATAGCTGACCTTGCCAGGCCTGCTTCGCCCTGTAGTGACGCGATCAACGGGCAGGAAACATTCCCCTTTCGTGCATGGCAGGCGCACACGAGTTCAGACAGCACGGTTTCCATGCGCGCCAAGTCGGCCATCTTCTCGCGCACGTCCTTGAGCTTGTGTTCGGCCAGGCTGCTGGCCTCCTCGCAGTGGGTGCCATCGTCGAGCCGCAACAGCTCGGCAATCTCGTCCAGACTGAACCCCAGCCGCTGTGCCGATTTCACGAATTTCACCCGAACCACGTCCGCCTCCCCATAGCGGCGGATGCTGCCGTAAGGCTTGTCCGGTTCCCGCAACAGGCCCTTGCGCT,MGE,0
insA,insertion element protein InsA,15390,15665,+,Non-conjugative DNA mobility,VASVSISCPSCSATDGVVRNGKSTAGHQRYLCSHCRKTWQLQFTYTASQPGTHQKIIDMAMNGVGCRATARIMGVGLNTIFRHLKNSGRSR*,CDS,0
insB,insertion element protein InsB,15710,16087,+,Non-conjugative DNA mobility,MDEQWGYVGAKSRQRWLFYAYDRLRKTVVAHVFGERTMATLGRLMSLLSPFDVVIWMTDGWPLYESRLKGKLHVISKRYTQRIERHNLNLRQHLARLGRKSLSFSKSVELHDKVIGHYLNIKHYQ*,CDS,0
merR,Hg(II)-responsive transcriptional regulator,16194,16628,-,Metal and Biocide Resistance,MENNLENLTIGVFAKAAGVNVETIRFYQRKGLLREPDKPYGSIRRYGEADVVRVKFVKSAQRLGFSLDEIAELLRLDDGTHCEEASSLAEHKLKDVREKMADLARMETVLSELVCACHARKGNVSCPLIASLQGEAGLARSAMP*,CDS,0
merT,mercuric ion transporter MerT,16700,17050,+,Metal and Biocide Resistance,MSEPQNGRGALFAGGLAAILASTCCLGPLVLVALGFSGAWIGNLTVLEPYRPLFIGAALVALFFAWKRIYRPVQACKPGEVCAIPQVRATYKLIFWIVAVLVLVALGFPYVVPFFY*,CDS,0
ORF,Open reading frame,17064,17231,+,Open reading frame,MKKLFASLALAAAVAPVWAATQTVTLAVPGMTCAACPIRGLTLSGTKTHVKGFWS*,CDS,0
Tn6109,Predicted transposon,17178,22031,+,Mobile Element,AGGGGTCTGACGCTCAGTGGAACGAAAACTCACGTTAAGGGATTTTGGTCATGAGATTATCAAAAAGGATCTTCACCTAGATCCTTTTAAATTAAAAATGAAGTTTTAAATCAATCTAAAGTATATATGAGTAAACTTGGTCTGACAGTTACCAATGCTTAATCAGTGAGGCACCTATCTCAGCGATCTGTCTATTTCGTTCATCCATAGTTGCCTGACTCCCCGTCGTGTAGATAACTACGATACGGGAGGGCTTACCATCTGGCCCCAGTGCTGCAATGATACCGCGAGACCCACGCTCACCGGCTCCAGATTTATCAGCAATAAACCAGCCAGCCGGAAGGGCCGAGCGCAGAAGTGGTCCTGCAACTTTATCCGCCTCCATCCAGTCTATTAATTGTTGCCGGGAAGCTAGAGTAAGTAGTTCGCCAGTTAATAGTTTGCGCAACGTTGTTGCCATTGCTGCAGGCATCGTGGTGTCACGCTCGTCGTTTGGTATGGCTTCATTCAGCTCCGGTTCCCAACGATCAAGGCGAGTTACATGATCCCCCATGTTGTGCAAAAAAGCGGTTAGCTCCTTCGGTCCTCCGATCGTTGTCAGAAGTAAGTTGGCCGCAGTGTTATCACTCATGGTTATGGCAGCACTGCATAATTCTCTTACTGTCATGCCATCCGTAAGATGCTTTTCTGTGACTGGTGAGTACTCAACCAAGTCATTCTGAGAATAGTGTATGCGGCGACCGAGTTGCTCTTGCCCGGCGTCAACACGGGATAATACCGCGCCACATAGCAGAACTTTAAAAGTGCTCATCATTGGAAAACGTTCTTCGGGGCGAAAACTCTCAAGGATCTTACCGCTGTTGAGATCCAGTTCGATGTAACCCACTCGTGCACCCAACTGATCTTCAGCATCTTTTACTTTCACCAGCGTTTCTGGGTGAGCAAAAACAGGAAGGCAAAATGCCGCAAAAAAGGGAATAAGGGCGACACGGAAATGTTGAATACTCATACTCTTCCTTTTTCAATATTATTGAAGCATTTATCAGGGTTATTGTCTCATGAGCGGATACATATTTGAATGTATTTAGAAAAATAAACAAATAGGGGTTCCGCGCACATTTCCCCGAAAAGTGCCACCTGACGTCTAAGAAACCATTATTATCATGACATTAACCTATAAAAATAGGCGTATCACGAGGCCCTTTCGTCTTCAAGAATTTTATAAACCGTGGAGCGGGCAATACTGAGCTGATGAGCAATTTCCGTTGCACCAGTGCCCTTCTGATGAAGCGTCAGCACGACGTTCCTGTCCACGGTACGCCTGCGGCCAAATTTGATTCCTTTCAGCTTTGCTTCCTGTCGGCCCTCATTCGTGCGCTCTAGGATCCTCCGGCGTTCAGCCTGTGCCACAGCCGACAGGATGGTGACCACCATTTGCCCCATATCACCGTCGGTACTGATCCCGTCGTCAATAAACCGAACCGCTACACCCTGAGCATCAAACTCTTTTATCAGTTGGATCATGTCGGCGGTGTCGCGGCCAAGACGGTCGAGCTTCTTCACCAGAATGACATCACCTTCCTCCACCTTCATCCTCAGCAAATCCAGCCCTTCCCGATCTGTTGAACTGCCGGATGCCTTGTCGGTAAAGATGCGGTTAGCTTTTACCCCTGCATCTTTGAGCGCTCTGATCTGAATATCGAGGGACTGCTGGCTGGTTGAGACCCGCGCATAACCAAAAATTCGCATAAAAATGTACCTTAAATCGAATATCAGACACGATGTGTCTATTATGCCAAAATGACGATTTAATGGACACTCAAACGAAGCCGTTTTACTATGTCTGATAATTTATAATATTTCGAACGGTTGCAGTTGTGTTAAAAAAGCCGTCAGGCAGGGAGGCCGATATGCCCGTTGATTTTTTGACCACTGAGCAGGTTGAGAGTTATGGCAGGTTCACTGGCGAACCCGATGAACTTCAGCTGGCGCGTTATTTTCATCTTGATGAAGCGGATAAAGAATTTATCGGGAAAAGCCGGGGTGATCACAATCGACTTGGTATTGCCCTGCAAATCGGGTGTGTGCGTTTTCTGGGCACTTTTCTTACTGACATGAATCATATTCCTTCCGGCGTCCGGCATTTTACCGCCAGACAGCTCGGGATTCGTGATATCACCGTTCTTGCAGAATACGGTCAGAGGGAAAATACCCGCCGTGAGCATGCAGCGCTGATACGTCAGCACTATCAGTATCGTGAATTTGCCTGGCCCTGGACATTTCGCCTTACCCGTCTTTTATATACCCGGAGCTGGATAAGCAACGAACGTCCTGGCCTGCTTTTCGACCTGGCGACAGGGTGGCTTATGCAACATCGTATTATTCTCCCCGGAGCCACCACGCTGACCCGGTTGATTTCAGAGGTAAGGGAAAAGGCGACGTTGCGCCTGTGGAACAAACTGGCACTGATACCGTCAGCCGAACAGCGTTCACAGCTGGAGATGCTGCTGGGGCCAACTGATTGCAGCCGCCTGTCTTTACTGGAATCACTGAAAAAAGGCCCTGTGACCATCAGTGGTCCGGCGTTTAATGAAGCAATTGAACGCTGGAAAACTCTGAACGATTTTGGCCTGCATGCTGAAAACCTGAGTACACTCCCGGCTGTGCGCCTGAAAAATCTCGCACGTTATGCTGGTATGACTTCGGTGTTCAATATTGCCAGGATGTCACCGCAGAAAAGGATGGCGGTTCTGGTTGCCTTTGTCCTTGCATGGGAAACGCTGGCGCTGGATGATGCACTGGACGTTCTGGACGCCATGCTGGCCGTTATCATCCGTGACGCCAGAAAGATTGGGCAGAAAAAACGGCTCCGCTCGCTGAAGGATCTGGATAAATCTGCATTGGCGCTCGCCAGCGCATGTTCGTACTTGCTGAAAGAAGAAACACCGGACGAATCGATTCGTGCTGAGGTGTTCAGCTACATCCCTAGGCAAAAGCTGGCTGAAATCATCACGCTTGTCCGTGAAATTGCCCGGCCCTCAGACGATAATTTTCATGACGAAATGGTGGAGCAGTACGGGCGCGTTCGTCGTTTCCTGCCCCATCTGCTGAATACCGTTAAATTTTCATCCGCACCTGCCGGGGTTACCACTCTGAATGCCTGTGACTACCTCAGCCGGGAGTTCAGCTCACGGCGGCAGTTTTTTGACGACGCACCAACGGAAATCATCAGTCAGTCATGGAAACGGCTGGTGATTAACAAGGAAAAACATATCACCCGAAGGGGATACACGCTCTGCTTTCTCAGTAAACTGCAGGATAGTCTGAGACGGAGGGATGTCTACGTTACCGGCAGTAACCGGTGGGGAGATCCTCGTGCAAGATTACTACAGGGTGCTGACTGGCAGGCAAATCGGATTAAGGTTTATCGTTCTTTGGGGCACCCGACAGACCCGCAGGAAGCAATAAAATCTCTGGGCCATCAGCTTGATAGTCGTTACAGACAGGTTGCTGCACGTCTTGGCGAAAATGAGGCTGTCGAACTCGATGTTTCTGGCCCGAAGCCCCGGTTGACAATTTCTCCCCTCGCCAGTCTTGATGAGCCGGACAGTCTGAAACGACTGAGCAAAATGATCAGTGATCTGCTCCCTCCGGTGGATTTAACGGAGTTGCTGCTCGAAATTAACGCCCATACCGGATTTGCTGATGAGTTTTTCCATGCCAGTGAAGCCAGTGCCAGAGTTGATGATCTGCCCGTCAGCATCAGCGCCGTGCTGATGGCTGAAGCCTGCAATATCGGTCTGGAACCACTGATCAGATCAAATGTTCCTGCACTGACCCGACACCGGCTGAACTGGACAAAAGCGAACTATCTGCGGGCTGAAACTATCACCAGCGCTAATGCCAGACTGGTTGATTTTCAGGCAACGCTGCCACTGGCACAGATATGGGGTGGAGGAGAAGTGGCATCTGCAGATGGAATGCGCTTTGTTACGCCAGTCAGAACAATCAATGCCGGACCGAACCGCAAATACTTTGGTAATAACAGAGGGATCACCTGGTACAACTTTGTGTCCGATCAGTATTCCGGCTTTCATGGCATCGTTATACCGGGGACGCTGAGGGACTCTATCTTTGTGCTGGAAGGCCTTCTGGAACAGGAGACCGGGCTGAATCCAACCGAAATTATGACCGATACGGCAGGTGCCAGCGATCTTGTCTTTGGCCTTTTCTGGCTGCTGGGATACCAGTTTTCTCCACGCCTGGCTGATGCCGGTGCTTCGGTTTTCTGGCGAATGGACCATGATGCCGACTATGGCGTGCTGAATGATATTGCCAGAGGGCAATCAGATCCCCGAAAAATAGTCCTTCAGTGGGACGAAATGATCCGGACCGCAGGCTCCCTGAAGCTGGGCAAAGTACAGGCCTCAGTGCTGGTCCGTTCATTGCTGAAAAGTGAACGTCCCTCCGGACTGACTCAGGCAATCATTGAAGTGGGGCGCATCAACAAAACGCTGTATCTGCTTAATTATATTGATGATGAAGATTACCGCCGGCGCATTCTGACCCAGCTTAATCGGGGAGAAAGCCGTCATGCAGTTGCCAGAGCCATCTGTCACGGTCAAAAAGGTGAGATAAGAAAACGATATACCGACGGTCAGGAAGATCAGTTGGGAGCTCTGGGGCTGGTCACTAACGCCGTCGTGTTATGGAACACTATTTATATGCAGGCAGCTCTGGATCATCTCCGGGCGCAGGGTGAAACACTGAATGATGAAGATATCGCACGCCTCTCCCCGCTTTGCCACGGACATATCAATATGCTCGGCCATTATTCCTTCACGCTGGCAGAAC,MGE,0
blaTEM-1,class A beta-lactamase,17326,18186,-,Antibiotic Resistance,MSIQHFRVALIPFFAAFCLPVFAHPETLVKVKDAEDQLGARVGYIELDLNSGKILESFRPEERFPMMSTFKVLLCGAVLSRVDAGQEQLGRRIHYSQNDLVEYSPVTEKHLTDGMTVRELCSAAITMSDNTAANLLLTTIGGPKELTAFLHNMGDHVTRLDRWEPELNEAIPNDERDTTMPAAMATTLRKLLTGELLTLASRQQLIDWMEADKVAGPLLRSALPAGWFIADKSGAGERGSRGIIAALGPDGKPSRIVVIYTTGSQATMDERNRQIAEIGASLIKHW*,CDS,0
tnpR,resolvase,18369,18926,-,Non-conjugative DNA mobility,MRIFGYARVSTSQQSLDIQIRALKDAGVKANRIFTDKASGSSTDREGLDLLRMKVEEGDVILVKKLDRLGRDTADMIQLIKEFDAQGVAVRFIDDGISTDGDMGQMVVTILSAVAQAERRRILERTNEGRQEAKLKGIKFGRRRTVDRNVVLTLHQKGTGATEIAHQLSIARSTVYKILEDERAS*,CDS,0
tnpA,transposase TnpA,19088,22093,+,Non-conjugative DNA mobility,MPVDFLTTEQVESYGRFTGEPDELQLARYFHLDEADKEFIGKSRGDHNRLGIALQIGCVRFLGTFLTDMNHIPSGVRHFTARQLGIRDITVLAEYGQRENTRREHAALIRQHYQYREFAWPWTFRLTRLLYTRSWISNERPGLLFDLATGWLMQHRIILPGATTLTRLISEVREKATLRLWNKLALIPSAEQRSQLEMLLGPTDCSRLSLLESLKKGPVTISGPAFNEAIERWKTLNDFGLHAENLSTLPAVRLKNLARYAGMTSVFNIARMSPQKRMAVLVAFVLAWETLALDDALDVLDAMLAVIIRDARKIGQKKRLRSLKDLDKSALALASACSYLLKEETPDESIRAEVFSYIPRQKLAEIITLVREIARPSDDNFHDEMVEQYGRVRRFLPHLLNTVKFSSAPAGVTTLNACDYLSREFSSRRQFFDDAPTEIISQSWKRLVINKEKHITRRGYTLCFLSKLQDSLRRRDVYVTGSNRWGDPRARLLQGADWQANRIKVYRSLGHPTDPQEAIKSLGHQLDSRYRQVAARLGENEAVELDVSGPKPRLTISPLASLDEPDSLKRLSKMISDLLPPVDLTELLLEINAHTGFADEFFHASEASARVDDLPVSISAVLMAEACNIGLEPLIRSNVPALTRHRLNWTKANYLRAETITSANARLVDFQATLPLAQIWGGGEVASADGMRFVTPVRTINAGPNRKYFGNNRGITWYNFVSDQYSGFHGIVIPGTLRDSIFVLEGLLEQETGLNPTEIMTDTAGASDLVFGLFWLLGYQFSPRLADAGASVFWRMDHDADYGVLNDIARGQSDPRKIVLQWDEMIRTAGSLKLGKVQASVLVRSLLKSERPSGLTQAIIEVGRINKTLYLLNYIDDEDYRRRILTQLNRGESRHAVARAICHGQKGEIRKRYTDGQEDQLGALGLVTNAVVLWNTIYMQAALDHLRAQGETLNDEDIARLSPLCHGHINMLGHYSFTLAELVTKGHLRPLKEASEAENVA*,CDS,0
merP,mercury resistance system periplasmic binding protein MerP,22086,22292,+,Metal and Biocide Resistance,LLNVSFRSTERQTPITVKKALSKVEGVSKVDVGFEKREAVVTFDDTKASVQKLTKATADAGYPSSVKQ*,CDS,0
Tn21,Predicted transposon,22124,28453,+,Mobile Element,CCCGATCACAGTCAAGAAAGCGCTCTCCAAGGTCGAAGGCGTGAGCAAGGTCGATGTGGGCTTCGAGAAGCGCGAGGCCGTCGTCACTTTTGACGACACCAAGGCCAGCGTACAGAAGCTGACCAAGGCCACCGCAGACGCCGGCTATCCGTCCAGCGTCAAGCAGTGAGCCAGCAAGCCAACGACAACAGCGAGAGCCGCTTCATGGGACTGATGACACGCATTGCCGATAAAACCGGCGCGCTCGGCAGCGTCGTTTCCGCGATGGGCTGCGCCGCCTGCTTTCCAGCCCTCGCCAGCTTCGGCGCGGCCATCGGGCTGGGCTTCTTGAGCCAGTACGAGGGACTGTTCATCAGCCGCCTGCTGCCGCTGTTTGCCGCGCTGGCCTTCCTGGCGAACGCGCTGGGTTGGTTCAGTCATCGGCAATGGCTGCGCAGTCTGCTCGGCATGATCGGCCCGGCCATCGTGTTTGCGGCCACGGTCTGGCTGCTCGGCAACTGGTGGACGGCGAACCTGATGTACGTCGGCCTGGCCTTGATGATTGGGGTGTCGATCTGGGACTTCGTGTCGCCGGCGCATCGCCGTTGCGGACCGGACGGCTGCGAACTCCCCGCCAAGCGCTTGTGAAAGACGGCTGACCGTGCGACACGGCGGCCCACACGAATAAGGAACGATGGTATGAGCACTCTCAAAATCACCGGCATGACTTGCGACTCGTGCGCAGTGCATGTCAAGGACGCCCTGGAGAAAGTGCCCGGCGTGCAATCAGCGGATGTCTCCTACGCCAAGGGCAGCGCCAAGCTCGCCATTGAGGTCGGCACGTCACCCGACGCGCTGACGGCCGCTGTAGCTGGACTCGGTTATCGGGCCACGCTGGCCGATGCCCCCTCAGTTTCGACGCCGGGCGGATTGCTCGACAAGATGCGCGATCTGCTGGGCAGAAACGACAAGACGGGTAGCAGCGGCGCATTGCATATCGCCGTCATCGGCAGCGGCGGGGCCGCGATGGCAGCGGCGCTGAAGGCCGTCGAGCAAGGCGCACGTGTCACGCTGATCGAGCGCGGCACCATCGGCGGCACCTGCGTCAATGTCGGTTGTGTGCCGTCCAAGATCATGATCCGCGCCGCCCATATCGCCCATCTGCGCCGGGAAAGCCCGTTCGATGGCGGCATCGCCGCTACCACGCCGACCATCCAGCGCACGGCGCTGCTGGCCCAGCAGCAGGCCCGCGTCGATGAACTGCGCCACGCCAAGTACGAAGGCATCTTGGAGGGCAATCCGGCGATCACTGTGCTGCACGGCTCCGCCCGCTTTAAGGACAATCGCAACCTGATCGTGCAACTCAACGACGGCGGCGAGCGCGTGGTGGCATTCGACCGCTGCCTGATCGCCACCGGCGCGAGCCCGGCCGTGCCGCCGATTCCCGGCCTGAAAGACACTCCGTACTGGACTTCCACTGAAGCGCTGGTCAGCGAGACGATTCCTAAGCGCCTGGCCGTGATTGGCTCATCAGTGGTGGCGCTGGAGCTGGCGCAGGCGTTCGCCCGACTCGGAGCGAAGGTGACGATCCTGGCTCGCAGCACGCTGTTCTTCCGCGAAGACCCAGCTATAGGCGAAGCCGTCACGGCCGCATTCCGCATGGAGGGCATCGAGGTGAGGGAACACACCCAGGCCAGCCAGGTCGCGTATATCAATGGTGAAGGGGACGGCGAATTCGTGCTCACCACGGCGCACGGCGAACTGCGCGCCGACAAGCTGCTGGTCGCCACCGGCCGCGCGCCCAACACACGCAAGCTGGCACTGGATGCGACGGGCGTCACGCTCACCCCGCAAGGCGCTATCGTCATCGACCCCGGCATGCGTACAAGCGTGGAACACATCTACGCCGCAGGCGACTGCACCGACCAGCCGCAGTTCGTCTATGTGGCGGCAGCGGCCGGCACTCGCGCCGCGATCAACATGACCGGCGGTGACGCGGCCCTGAACCTGACCGCGATGCCGGCCGTGGTGTTCACCGACCCGCAAGTGGCGACCGTAGGCTACAGCGAGGCGGAAGCGCACCATGACGGCATCAAAACTGATAGTCGCACGCTAACGCTGGACAACGTGCCGCGCGCGCTCGCCAACTTCGACACGCGCGGCTTCATCAAACTGGTGGTTGAAGAAGGCAGCGGACGACTGATCGGCGTGCAGGCAGTGGCCCCGGAAGCGGGCGAACTGATCCAGACGGCCGCACTGGCGATTCGCAACCGGATGACGGTGCAGGAACTGGCCGACCAGTTGTTCCCCTACCTGACGATGGTCGAAGGGTTGAAGCTCGCGGCGCAGACCTTCAACAAGGATGTGAAGCAGCTTTCCTGCTGCGCCGGGTGAGGACAAGGAGGTGTGCGATGAGCGCCTACACGGTATCGCAACTGGCCCATAACGCTGGGGTGAGCGTACATATCGTGCGCGACTACCTGGTGCGCGGCTTGTTACGGCCGGTGGCCTGCACCACGGGCGGCTACGGCGTGTTCGACGATGCGGCCTTGCAACGGCTGTGCTTCGTGCGCGCGGCCTTCGAGGCGGGTATCGGCCTGGATGCCCTGGCGCGGCTGTGCCGTGCGCTCGACGCAGCGGACGGCGCACAAGCCGCAGCGCAGCTTGCCGTGCTGCGCCAGTTGGTCGAGCGGCGGCGCGCGGCGTTGGCCCATCTGGACGCGCAACTGGCCTCCATGCCAGCCGAGCGGGCGCACGAGGAGGCATTGCCGTGAACGCCCCTGACAAACTGCCGCCCGAGACGCGCCAACCCGTTTCCGGCTACCTGTGGGGTGCGCTGGCCGTGTTGACCTGCCCCTGCCATCTGCCGATTCTCGCCGCCGTGCTGGCCGGGACGACCGCCGGTGCCTTCCTTGGCGAGCATTGGGGTGTTGCCGCGCTCGCGCTGACCGGCTTGTTCGTTCTGGCCGTAACGCGGCTGCTGCGCGCCTTCCGGGGCGGATCATGACGAGTTCGCAGCCCGCCGGATGGACGGCGGCCGAGTTGGCGCAGGCGGCGGCGCGCGGACAGCTTGACCTGCATTACCAGCCGCTGGTCGATCTGCGCGATCACCGGATCGCTGGCGCGGAAGCGTTGATGCGCTGGCGGCATCCGAGGCTTGGCCTGTTGCCGCCCGGCCAGTTCCTGCCGCTGGCCGAGTCGTTCGGCCTGATGCCGGAAATAGGCGCGTGGGTGCTGGGCGAGGCCTGTCGCCAGATGCACAAGTGGCAAGGACCGGCATGGCAACCGTTCCGTCTTGCCATCAATGTGTCCGCCAGCCAGGTTGGGCCAACGTTCGACGACGAGGTAAAGCGGGTGCTGGCCGATATGGCCCTGCCCGCCGAGCTTCTGGAGATCGAACTGACCGAATCGGTCGCATTCGGCAATCCAGCCCTGTTCGCCAGTTTCGACGCCTTGCGCGCCATCGGCGTGCGCTTCGCCGCCGACGACTTCGGCACCGGCTATTCCTGCCTGCAACATCTGAAATGCTGCCCCATCACCACATTGAAAATCGACCAATCCTTTGTCGCCAGGCTCCCGGATGATGCCCGTGACCAAACTATCGTGCGGGCGGTGATCCAGCTCGCGCACGGGCTGGGCATGGATGTCATTTTCAGAAGACGACTGCACCAGTTGATTGGGCGTAATGGCTGTTGTGCAGCCAGCTCCTGACAGTTCAATATCAGAAGTGATCTGCACCAATCTCGACTATGCTCAATACTCGTGTGCACCAAAGCGAGGTGAGCATGGCGACGGACACCCCACGGATTCCAGAACAAGGCGTGGCCACTCTGCCTGATGAGGCTTGGGAGCGTGCGCGCCGTCGTGCGGAGATCATCAGTCCGTTGGCGCAGTCGGAGACGGTCGGGCACGAAGCGGCCGATATGGCGGCTCAGGCGCTGGGCTTGTCTCGGCGCCAGGTATACGTTCTGATCCGGCGTGCCCGGCAAGGCAGCGGCCTCGTGACGGATCTGGTGCCCGGCCAGTCCGGTGGAGGTAAAGGTAAGGGGCGCTTGCCGGAACCGGTCGAGCGCGTCATCCACGAGCTACTGCAAAAGCGGTTCCTGACCAAGCAGAAGCGCAGCCTAGCGGCCTTTCACCGCGAAGTCACTCAGGTGTGCAAGGCTCAAAAACTGCGAGTGCCGGCGCGCAATACCGTGGCCTTACGGATCGCTAGCCTTGACCCGCGCAAGGTCATCCGCCGGCGGGAAGGCCAGGATGCCGCTCGTGACCTACAAGGTGTGGGCGGCGAGCCTCCTGCCGTGACCGCGCCGCTGGAGCAGGTGCAGATAGACCATACGGTCATCGACCTGATCGTGGTCGATGACCGCGACCGGCAACCTATTGGCCGCCCGTACCTGACCCTCGCCATCGACGTGTTCACCCGCTGCGTGCTCGGCATGGTCGTCACGCTGGAAGCGCCGTCTGCCGTTTCGGTTGGCCTGTGCCTCGTGCATGTCGCCTGCGACAAGCGCCCTTGGCTGGAAGGACTGAACGTGGAAATGGATTGGCAGATGAGCGGCAAGCCCTTGCTGCTCTACCTAGACAACGCGGCCGAGTTCAAGAGCGAGGCCCTGCGCCGGGGTTGCGAGCAGCATGGCATCCGGCTGGACTATCGCCCGCTGGGACAGCCGCACTATGGCGGCATCGTGGAACGGATCATCGGCACGGCGATGCAGATGATTCACGACGAACTGCCGGGAACGACCTTCTCCAACCCTGACCAGCGCGGCGACTACGATTCCGAAAACAAGGCCGCCCTGACGCTGCGCGAGCTAGAGCGCTGGCTCACATTGGCGGTCGGCACCTACCACGGTTCGGTGCACAACGGCCTGCTCCAACCGCCGGCCGCGCGCTGGGCCGAGGCCGTGGCGCGTGTCGGCGTACCGGCCGTCGTCACACGCGCTACTTCGTTCCTGGTCGATTTTCTGCCGATCCTCCGGCGCACGCTGACCCGCACCGGCTTTGTCATCGACCACATCCACTACTACGCCGATGCGCTCAAGCCGTGGATTGCGCGGCGTGAACGCTGGCCGTCCTTTCTGATCCGGCGCGATCCGCGCGACATCAGCCGTATCTGGGTCCTGGAACCGGAGGGACAGCATTACCTGGAAATTCCCTACCGTACCTTGTCGCATCCGGCTGTCACCCTCTGGGAACAACGGCAGGCGCTGGCGAAACTGCGGCAGCAAGGGCGCGAACAGGTGGATGAGTCGGCGCTGTTCCGCATGATCGGCCAGATGCGTGAGATTGTGACCAGCGCGCAGAAGGCCACACGCAAGGCGCGGCGTGACGCGGATCGCCGCCAGCACCTCAAGACATCAGCTCGGCCGGACAAGCCCGTTCCGCCGGATACGGATATTGCCGACCCGCAGGCAGACAACTTGCCACCCGCCAAACCGTTCGACCAGATTGAGGAGTGGTAGCCGTGGACGAATATCCCATCATCGACCTGTCCCACCTGCTGCCGGCGGCCCAGGGCTTGGCCCGTCTTCCGGCGGACGAGCGCATCCAGCGCCTTCGCGCCGACCGCTGGATCGGCTATCCGCGCGCAGTCGAGGCGCTGAACCGGCTGGAAGCCCTTTATGCGTGGCCAAACAAGCAACGCATGCCCAACCTGCTGCTGGTTGGCCCGACCAACAATGGCAAGTCGATGATCGTCGAGAAGTTCCGCCGCACCCACCCGGCCAGCTCCGACGCCGACCAGGAGCACATCCCGGTGTTGGTCGTGCAGATGCCGTCCGAGCCGTCCGTGATCCGCTTCTACGTCGCGCTGCTCGCCGCGATGGGCGCGCCGCTGCGCCCACGCCCACGGTTGCCGGAAATGGAGCAACTGGCTCTGGCACTGCTGCGCAAGGTCGGCGTGCGCATGCTGGTGATCGACGAGCTGCACAACGTGCTGGCCGGCAACAGCGTCAACCGCCGGGAATTCCTCAACCTGCTGCGCTTCCTCGGCAACGAACTGCGCATCCCGTTGGTTGGGGTAGGCACGCGCGACGCCTACCTAGCCATCCGCTCCGATGACCAGTTGGAAAATCGCTTCGAGCCGATGATGCTGCCGGTATGGGAGGCCAACGACGATTGCTGCTCACTGCTGGCCAGCTTCGCCGCTTCGCTCCCGCTGCGCCGGCCTTCCCCAATTGCCACGCTGGACATGGCTCGCTACCTGCTCACACGCAGCGAGGGCACCATAGGGGAACTGGCGCACTTGCTGATGGCGGCGGCCATCGTCGCCGTGGAGAGCGGCGAGGAAGCGATCAACCATCGCACACTCAGCATGGCCTGTTGAGTTGCATCTAAAATTGACCCACT,MGE,0
merC,organomercurial transporter MerC,22328,22750,+,Metal and Biocide Resistance,MGLMTRIADKTGALGSVVSAMGCAACFPALASFGAAIGLGFLSQYEGLFISRLLPLFAALAFLANALGWFSHRQWLRSLLGMIGPAIVFAATVWLLGNWWTANLMYVGLALMIGVSIWDFVSPAHRRCGPDGCELPAKRL*,CDS,0
merA,mercury(II) reductase,22802,24496,+,Metal and Biocide Resistance,MSTLKITGMTCDSCAVHVKDALEKVPGVQSADVSYAKGSAKLAIEVGTSPDALTAAVAGLGYRATLADAPSVSTPGGLLDKMRDLLGRNDKTGSSGALHIAVIGSGGAAMAAALKAVEQGARVTLIERGTIGGTCVNVGCVPSKIMIRAAHIAHLRRESPFDGGIAATTPTIQRTALLAQQQARVDELRHAKYEGILEGNPAITVLHGSARFKDNRNLIVQLNDGGERVVAFDRCLIATGASPAVPPIPGLKDTPYWTSTEALVSETIPKRLAVIGSSVVALELAQAFARLGAKVTILARSTLFFREDPAIGEAVTAAFRMEGIEVREHTQASQVAYINGEGDGEFVLTTAHGELRADKLLVATGRAPNTRKLALDATGVTLTPQGAIVIDPGMRTSVEHIYAAGDCTDQPQFVYVAAAAGTRAAINMTGGDAALNLTAMPAVVFTDPQVATVGYSEAEAHHDGIKTDSRTLTLDNVPRALANFDTRGFIKLVVEEGSGRLIGVQAVAPEAGELIQTAALAIRNRMTVQELADQLFPYLTMVEGLKLAAQTFNKDVKQLSCCAG*,CDS,0
merD,mercury resistance co-regulator MerD,24514,24876,+,Metal and Biocide Resistance,MSAYTVSQLAHNAGVSVHIVRDYLVRGLLRPVACTTGGYGVFDDAALQRLCFVRAAFEAGIGLDALARLCRALDAADGAQAAAQLAVLRQLVERRRAALAHLDAQLASMPAERAHEEALP*,CDS,0
merE,broad-spectrum mercury transporter MerE,24873,25109,+,Metal and Biocide Resistance,VNAPDKLPPETRQPVSGYLWGALAVLTCPCHLPILAAVLAGTTAGAFLGEHWGVAALALTGLFVLAVTRLLRAFRGGS*,CDS,0
cph2,Bacteriophytochrome cph2,25106,25813,+,Virulence and Defense Mechanism,MTSSQPAGWTAAELAQAAARGQLDLHYQPLVDLRDHRIAGAEALMRWRHPRLGLLPPGQFLPLAESFGLMPEIGAWVLGEACRQMHKWQGPAWQPFRLAINVSASQVGPTFDDEVKRVLADMALPAELLEIELTESVAFGNPALFASFDALRAIGVRFAADDFGTGYSCLQHLKCCPITTLKIDQSFVARLPDDARDQTIVRAVIQLAHGLGMDVIFRRRLHQLIGRNGCCAASS*,CDS,0
tniA,transposase TniA,25888,27567,+,Non-conjugative DNA mobility,MATDTPRIPEQGVATLPDEAWERARRRAEIISPLAQSETVGHEAADMAAQALGLSRRQVYVLIRRARQGSGLVTDLVPGQSGGGKGKGRLPEPVERVIHELLQKRFLTKQKRSLAAFHREVTQVCKAQKLRVPARNTVALRIASLDPRKVIRRREGQDAARDLQGVGGEPPAVTAPLEQVQIDHTVIDLIVVDDRDRQPIGRPYLTLAIDVFTRCVLGMVVTLEAPSAVSVGLCLVHVACDKRPWLEGLNVEMDWQMSGKPLLLYLDNAAEFKSEALRRGCEQHGIRLDYRPLGQPHYGGIVERIIGTAMQMIHDELPGTTFSNPDQRGDYDSENKAALTLRELERWLTLAVGTYHGSVHNGLLQPPAARWAEAVARVGVPAVVTRATSFLVDFLPILRRTLTRTGFVIDHIHYYADALKPWIARRERWPSFLIRRDPRDISRIWVLEPEGQHYLEIPYRTLSHPAVTLWEQRQALAKLRQQGREQVDESALFRMIGQMREIVTSAQKATRKARRDADRRQHLKTSARPDKPVPPDTDIADPQADNLPPAKPFDQIEEW*,CDS,0
tniB,transposase TniB,27570,28430,+,Non-conjugative DNA mobility,VDEYPIIDLSHLLPAAQGLARLPADERIQRLRADRWIGYPRAVEALNRLEALYAWPNKQRMPNLLLVGPTNNGKSMIVEKFRRTHPASSDADQEHIPVLVVQMPSEPSVIRFYVALLAAMGAPLRPRPRLPEMEQLALALLRKVGVRMLVIDELHNVLAGNSVNRREFLNLLRFLGNELRIPLVGVGTRDAYLAIRSDDQLENRFEPMMLPVWEANDDCCSLLASFAASLPLRRPSPIATLDMARYLLTRSEGTIGELAHLLMAAAIVAVESGEEAINHRTLSMAC*,CDS,0
istA,IS21 family transposase,28541,30055,+,Non-conjugative DNA mobility,VAILSAIRRWHFRDGASIREIARRSGLSRNTVRKYLQSKVVEPQYPARDSVGKLSPFEPKLRQWLSTEHKKTKKLRRNLRSMYRDLVALGFTGSYDRVCAFARQWKDSEQFKAQTSGKGCFIPLRFACGEAFQFDWSEDFARIAGKQVKLQIAQFKLAHSRAFVLRAYYQQKHEMLFDAHWHAFQIFGGIPKRGIYDNMKTAVDSVGRGKERRVNQRFTAMVSHYLFDAQFCNPASGWEKGQIEKNVQDSRQRLWQGAPDFQSLADLNVWLEHRCKALWSELRHPELDQTVQEAFADEQGELMALPNAFDAFVEQTKRVTSTCLVHHEGNRYSVPASYANRAISLRIYADKLVMAAEGQHIAEHPRLFGSGHARRGHTQYDWHHYLSVLQKKPGALRNGAPFAELPPAFKKLQSILLQRPGGDRDMVEILALVLHHDEGAVLSAVELALECGKPSKEHVLNLLGRLTEEPPPKPIPIPKGLRLTLEPQANVNRYDSLRRAHDAA*,CDS,0
Tn6108,Predicted transposon,28907,39147,+,Mobile Element,CCCTTGCGCTTTGCTTGTGGCGAAGCCTTCCAATTCGATTGGAGTGAGGACTTTGCCCGCATAGCGGGCAAACAGGTCAAACTTCAGATTGCCCAGTTTAAGTTGGCCCACAGCCGGGCCTTTGTGCTTCGGGCTTACTACCAGCAAAAACATGAAATGCTGTTTGATGCCCACTGGCATGCCTTTCAAATCTTCGGTGGCATTCCCAAGCGCGGCATCTACGACAACATGAAGACCGCTGTGGATTCGGTGGGGCGTGGCAAAGAGCGCAGGGTCAATCAGCGGTTCACTGCCATGGTCAGCCACTACCTGTTTGATGCGCAGTTCTGTAATCCAGCATCGGGTTGGGAGAAAGGCCAGATTGAGAAGAACGTGCAGGATTCCCGCCAACGCCTGTGGCAAGGGGCACCAGACTTTCAAAGCCTTGCTGATTTGAATGTGTGGCTTGAGCATCGCTGCAAAGCGCTGTGGTCTGAGCTGCGCCACCCCGAATTGGACCAAACCGTGCAAGAGGCCTTTGCCGATGAACAAGGCGAGTTGATGGCGCTACCCAATGCCTTTGATGCATTCGTGGAGCAAACCAAGCGAGTCACTTCAACCTGCCTTGTTCACCACGAGGGCAATCGCTACAGCGTTCCTGCCAGTTACGCCAACAGGGCCATCAGCCTTCGGATTTATGCAGACAAGCTGGTGATGGCTGCCGAAGGCCAACACATTGCCGAGCATCCAAGATTGTTTGGCAGTGGCCACGCTCGGCGTGGCCACACACAATACGACTGGCACCATTACTTGTCTGTGCTTCAGAAGAAACCTGGGGCGTTGCGCAATGGTGCGCCATTTGCTGAATTGCCACCCGCGTTCAAGAAGCTTCAATCCATCTTGCTGCAACGCCCCGGCGGTGACCGTGACATGGTGGAAATTCTGGCCCTTGTATTGCACCACGATGAAGGTGCGGTACTCAGTGCTGTGGAATTGGCATTGGAGTGTGGCAAGCCATCGAAGGAGCATGTGCTTAATCTGTTGGGACGTTTGACCGAAGAACCTCCACCCAAACCGATTCCAATTCCCAAGGGGTTAAGGCTGACATTGGAACCACAGGCCAACGTGAACCGCTATGACAGTTTAAGGAGAGCCCATGATGCAGCATGAAGGCCATGTGAGAATCCTCAAATCCTTGAAACTCTTTGGCATGGCACACGCCATTGAGGAGTTGGGCAATCAGAATTCACCAGCATTTAATCAAGCCTTGCCCATGCTGGACAGCTTGATTAAAGCTGAAGTGGCAGAGCGTGAAGTACGTTCGGTGAACTATCAATTGCGGGTGGCCAAGTTCCCCGTGTATCGGGACTTGGTGGGCTTTGACTTCAGTCAAAGCCTGGTTAATGAGGCCACGGTCAAACAATTGCACCGGTGCGACTTCATGGAACAAGCCCAGAACGTGGTGCTGATTGGTGGGCCAGGCACAGGCAAGACTCACCTGGCCACAGCCATTGGTACACAAGCAGTGATGCACTTGAACCGACGGGTGCGTTTCTTCTCCACCGTGGATTTGGTCAATGCACTGGAGCAAGAGAAATCATCTGGGCGTCAGGGACAAATCGCAAACCGTCTGTTGTATGCCGATTTGGTGATTCTGGATGAGCTGGGATATTTGCCTTTTAGCCAAACCGGTGGGGCACTGCTGTTTCACCTGCTCTCAAAGCTGTACGAAAAAACCAGCGTGATACTGACCACCAACTTGAGCTTCTCGGAATGGAGCCGAGTGTTTGGCGATGAAAAGATGACAACAGCGTTGTTGGACCGACTAACCCACCACTGCCACATCCTGGAAACCGGCAATGAAAGTTACCGCTTCAAACACAGTTCAACTCAGAATAAGCAGGAGGAAAAACAGACCCGCAAACTGAAAATCGAGACATAATTCTGACAACAAGGGGTGGGTCAAAATTCAATGCAAATCCCGGGTCAAATTTGGGTGCAAATCAACAGATATCGACAACCTCTCGCGCAACCAAGACATCGCGGTCGGACTGCAAGTGATCTTGAAGCCACGGGCCCGTCCCACCCCGACATGGACCTCGATGCCCGAACGGACGTTAGATTTCGAGTTCTAGGCGTTCTGCGATGAAGGTTGGATCCCAGCCGGGATTGAAAGTGTCGACGTGGGTGAATCCGAGCCGCTCGTATAGGCCACGCAGGTTCGGGTGGCAGTCGAGCCGCAGCTTGGCGCACCCCTGCGTTCGCGCGGCATGGCGGCAAGCCTCGATCAGCGCGGAGCTGACACCCCGGCCCGCATGTGTCCGTCGCACCGCGAGCTTGTGCAGATATGCGGCCTCCCCCTTGAGGGCGTCGGGCCAGAACTCGGGATCCTCGGCCGACAAGGTGCAACAGCCGACGATGCCGTCGCTGCAACTCGCGACTAGGAGCTCGGATCTCAGGACGAAGGTCTCCGCGAATGTCCGGTCGATCCGCGCGACGTCCCAGGCGGGCGTTCCCTTGGCGGACATCCACGCCGCAGCGTCGTGCATCAGCCGCACAACCTCGTCGATATCACCCGAGCAGGCGACCCGAACGTTCGGAGGCTCCTCGCTGTCCATTCGCTCCCCTGGCGCGGTATGAACCGCCGCCTCATAGTGCAGTTTGATCCTGACGAGCCCAGCATGTCTGCGCCCACCTTCGCGGAACCTGACCAGGGTCCGCTAGCGGGCGGCCGGAAGGTGAATGCTAGGCATGATCTAACCCTCGGTCTCTGGCGTCGCGACTGCGAAATTTCGCGAGGGTTTCCGAGAAGGTGATTGCGCTTCGCAGATCTCCAGGCGCGTGGGTGCGGACGTAGTCAGCGCCATTGCCGATCGCGTGAAGTTCCGCCGCAAGGCTCGCTGGACCCAGATCCTTTACAGGAAGGCCAACGGTGGCGCCCAAGAAGGATTTCCGCGACACCGAGACCAATAGCGGAAGCCCCAACGCCGACTTCAGCTTTTGAAGGTTCGACAGCACGTGCAGCGATGTTTCCGGTGCGGGGCTCAAGAAAAATCCCATCCCCGGATCGAGGATGAGCCGGTCGGCAGCGACCCCGCTCCGTCGCAAGGCGGAAACCCGCGCCTCGAAGAACCGCACAATCTCGTCGAGCGCGTCTTCGGGTCGAAGGTGACCGGTGCGGGTGGCGATGCCATCCCGCTGCGCTGAGTGCATAACCACCAGCCTGCAGTCCGCCTCAGCAATATCGGGATAGAGCGCAGGGTCAGGAAATCCTTGGATATCGTTCAGGTAGCCCACGCCGCGCTTGAGCGCATAGCGCTGGGTTTCCGGTTGGAAGCTGTCGATTGAAACACGGTGCATCTGATCGGACAGGGCGTCTAAGAGCGGCGCAATACGTCTGATCTCATCGGCCGGCGATACAGGCCTCGCGTCCGGATGGCTGGCGGCCGGTCCGACATCCACGACGTCTGATCCGACTCGCAGCATTTCGATCGCCGCGGTGACAGCGCCGGCGGGGTCTAGCCGCCGGCTCTCATCGAAGAAGGAGTCCTCGGTGAGATTCAGAATGCCGAACACCGTCACCATGGCGTCGGCCTCCGCAGCGACTTCCACGATGGGGATCGGGCGAGCAAAAAGGCAGCAATTATGAGCCCCATACCTACAAAGCCCCACGCATCAAGCTTTTGCCCATGAAGCAACCAGGCAATGGCTGTAATTATGACGACGCCGAGTCCCGACCAGACTGCATAAGCAACACCGACAGGGATGGATTTCAGAACCAGAGAAAGAAAATAAAATGCGATGCCATAACCGATTATGACAACGGCGGAAGGGGCAAGCTTAGTAAAGCCCTCGCTAGATTTTAATGCGGATGTTGCGATTACTTCGCCAACTATTGCGATAACAAGAAAAAGCCAGCCTTTCATGATATATCTCCCAATTTGTGTAGGGCTTATTATGCACGCTTAAAAATAATAAAAGCAGACTTGACCTGATAGTTTGGCTGTGAGCAATTATGTGCTTAGTGCATCTAACGCTTGAGTTAAGCCGCGCCGCGAAGCGGCGTCGGCTTGAACGAATTGTTAGACATTATTTGCCGACTACCTTGGTGATCTCGCCTTTCACGTAGTGGACAAATTCTTCCAACTGATCTGCGCGCGAGGCCAAGCGATCTTCTTCTTGTCCAAGATAAGCCTGTCTAGCTTCAAGTATGACGGGCTGATACTGGGCCGGCAGGCGCTCCATTGCCCAGTCGGCAGCGACATCCTTCGGCGCGATTTTGCCGGTTACTGCGCTGTACCAAATGCGGGACAACGTAAGCACTACATTTCGCTCATCGCCAGCCCAGTCGGGCGGCGAGTTCCATAGCGTTAAGGTTTCATTTAGCGCCTCAAATAGATCCTGTTCAGGAACCGGATCAAAGAGTTCCTCCGCCGCTGGACCTACCAAGGCAACGCTATGTTCTCTTGCTTTTGTCAGCAAGATAGCCAGATCAATGTCGATCGTGGCTGGCTCGAAGATACCTGCAAGAATGTCATTGCGCTGCCATTCTCCAAATTGCAGTTCGCGCTTAGCTGGATAACGCCACGGAATGATGTCGTCGTGCACAACAATGGTGACTTCTACAGCGCGGAGAATCTCGCTCTCTCCAGGGGAAGCCGAAGTTTCCAAAAGGTCGTTGATCAAAGCTCGCCGCGTTGTTTCATCAAGCCTTACGGTCACCGTAACCAGCAAATCAATATCACTGTGTGGCTTCAGGCCGCCATCCACTGCGGAGCCGTACAAATGTACGGCCAGCAACGTCGGTTCGAGATGGCGCTCGATGACGCCAACTACCTCTGATAGTTGAGTCGATACTTCGGCGATCACCGCTTCCCTCATGATGTTTAACTTTGTTTTAGGGCGACTGCCCTGCTGCGTAACATCGTTGCTGCTCCATAACATCAAACATCGACCCACGGCGTAACGCGCTTGCTGCTTGGATGCCCGAGGCATAGACTGTACCCCAAAAAAACAGTCATAACAAGCCATGAAAACCGCCACTGCGCCGTTACCACCGCTGCGTTCGGTCAAGGTTCTGGACCAGTTGCGTGAGCGCATACGCTACTTGCATTACAGCTTACGAACCGAACAGGCTTATGTCCACTGGGTTCGTGCCTTCATCCGTTTCCACGGTGTGCGTCACCCGGCAACCTTGGGCAGCAGCGAAGTCGAGGCATTTCTGTCCTGGCTGGCGAACGAGCGCAAGGTTTCGGTCTCCACGCATCGTCAGGCATTGGCGGCCTTGCTGTTCTTCTACGGCAAGGTGCTGTGCACGGATCTGCCCTGGCTTCAGGAGATCGGAAGACCTCGGCCGTCGCGGCGCTTGCCGGTGGTGCTGACCCCGGATGAAGTGGTTCGCATCCTCGGTTTTCTGGAAGGCGAGCATCGTTTGTTCGCCCAGCTTCTGTATGGAACGGGCATGCGGATCAGTGAGGGTTTGCAACTGCGGGTCAAGGATCTGGATTTCGATCACGGCACGATCATCGTGCGGGAGGGCAAGGGCTCCAAGGATCGGGCCTTGATGTTACCCGAGAGCTTGGCACCCAGCCTGCGCGAGCAGCTGTCGCGTGCACGGGCATGGTGGCTGAAGGACCAGGCCGAGGGCCGCAGCGGCGTTGCGCTTCCCGACGCCCTTGAGCGGAAGTATCCGCGCGCCGGGCATTCCTGGCCGTGGTTCTGGGTTTTTGCGCAGCACACGCATTCGACCGATCCACGGAGCGGTGTCGTGCGTCGCCATCACATGTATGACCAGACCTTTCAGCGCGCCTTCAAACGTGCCGTAGAACAAGCAGGCATCACGAAGCCCGCCACACCGCACACCCTCCGCCACTCGTTCGCGACGGCCTTGCTCCGCAGCGGTTACGACATTCGAACCGTGCAGGATCTGCTCGGCCATTCCGACGTCTCTACGACGATGATTTACACGCATGTGCTGAAAGTTGGCGGTGCCGGAGTGCGCTCACCGCTTGATGCGCTGCCGCCCCTCACTAGTGAGAGGTAGGGCAGCGCAAGTCAATCCTGGCGGATTCACTACCCCTGCGCGAAGGCCATCGGTGCCGCATCGAACGGCCGGTTGCGGAAAGTCCTCCCTGCGTCCGCTGATGGCCGGCAGCAGCCCGTCGTTGCCTGATGGATCCAACCCCTCCGCTGCTATAGTGCAGTCGGCTTCTGACGTTCAGTGCAGCCGTCTTCTGAAAACGACAATGGAGGTGGTAGCCGAGGGTGTGGAAACACCCGACTGCCTTGCGTGGTTGCGGCAGGCGGGTTGCGACACGGTGCAGGGTTTCCTGTTCGCCAGGCCGATGCCGGCGGCGGCCTTCGTCGGCTTCGTCAACCAATGGAGGAACACCACCATGAACGCCAATGAACCGAGCACCAGTTGCTGCGTGTGCTGCAAGGAAATCCCGCTCGATGCCGCCTTCACGCCGGAAGGGGCCGAGTACGTGGAGCATTTCTGCGGGCTGGAGTGCTATCAGCGCTTCCAGGCGCGGGCCAGCACTGCGACCGAAACCAGCGTCAAACCGGACGCTTGTGATTCGCCGCCGTCAGGTTGAGGCATACCCTAACCTGATGTCAGATGCCATGTGTAAATTGCGTCAGGATAGGATTGAATTTTGAATTTATTGACATATCTCGTTGAAGGTCATAGAGTCTTCCCTGACATTTTGCAGGGAATTCCATGACTGGACAGCGCATTGGGTATATCAGGGTCAGCACCTTCGACCAGAACCCGGAACGGCAACTGGAAGGCGTCAAGGTTGATCGCGCTTTTAGCGACAAGGCATCCGGCAAGGATGTCAAGCGTCCGCAACTGGAAGCGCTGATAAGCTTCGCCCGCACCGGCGACACCGTGGTGGTGCATAGCATGGATCGCCTGGCGCGCAATCTCGATGATTTGCGCCGGATCGTGCAAACGCTGACACAACGCGGCGTGCATATCGAATTCGTCAAGGAACACCTCAGTTTTACTGGCGAAGACTCTCCGATGGCGAACCTGATGCTCTCGGTGATGGGCGCGTTCGCCGAGTTCGAGCGCGCCCTGATCCGCGAGCGTCAGCGCGAGGGTATTGCGCTCGCCAAGCAACGCGGGGCTTACCGTGGCAGGAAGAAATCCCTGTCGTCTGAGCGTATTGCCGAACTGCGCCAACGTGTCGAGGCTGGCGAGCAAAAGACCAAGCTTGCTCGTGAATTCGGAATCAGTCGCGAAACCCTGTATCAATACTTGAGAACGGATCAGTAAATATGCCACGTCGTTCCATCCTGTCCGCCGCCGAGCGGGAAAGCCTGCTGGCGTTGCCGGACTCCAAGGACGACCTGATCCGACATTACACATTCAACGATACCGACCTCTCGATCATCCGACAGCGGCGCGGGCCAGCCAATCGGCTGGGCTTCGCGGTGCAGCTCTGTTACCTGCGCTTTCCCGGCGTCATCCTGGGCGTCGATGAACTACCGTTCCCGCCCTTGTTGAAGCTGGTCGCCGACCAGCTCAAGGTCGGCGTCGAAAGCTGGAACGAGTACGGCCAGCGGGAGCAGACCCGGCGCGAGCACCTGAGCGAGCTGCAAACCGTGTTCGGTTTCCGGCCCTTCACCATGAGCCATTACCGGCAGGCCGTCCAGATGCTGACCGAGCTGGCGATGCAAACCGACAAAGGCATCGTGCTGGCCAGCGCCTTGATCGGGCACCTGCGGCGGCAGTCGGTCATTCTGCCCGCCCTCAACGCCGTCGAGCGGGCGAGTGCCGAGGCGATCACCCGTGCTAACCGGCGCATCTACGACGCCTTGGCCGAACCACTGGCGGACGCGCATCGCCGCCGCCTCGACGATCTGCTCAAGCGCCGGGACAACGGCAAGACGACCTGGTTGGCTTGGTTGCGCCAGTCTCCGGCCAAGCCAAATTCGCGGCATATGCTGGAACACATCGAACGCCTCAAGGCATGGCAGGCACTCGATCTGCCTACCGGCATCGAGCGGCTGGTTCACCAGAACCGCCTGCTCAAGATTGCCCGCGAGGGCGGCCAGATGACACCCGCCGACCTGGCCAAATTCGAGCCGCAACGGCGCTACGCCACTCTCGTGGCGCTGGCCACCGAGGGCATGGCCACCGTCACCGACGAAATCATCGACCTGCACGACCGCATCCTGGGTAAGCTGTTTAACGCTGCCAAGAATAAGCATCAGCAGCAGTTCCAGGCGTCAGGCAAGGCCATCAACGCCAAGGTACGTCTGTACGGGCGCATCGGTCAGGCGCTGATCGACGCCAAGCAATCAGGCCGCGATGCGTTTGCCGCCATCGAGGCCGTCATGTCCTGGGATTCCTTTGCCGAGAGCGTCACCGAGGCGCAGAAGCTCGCGCAACCCGATGACTTCGATTTCCTGCATCGCATCGGCGAGAGCTACGCCACCCTGCGCCGCTATGCACCGGAATTCCTTGCCGTGCTCAAGCTGCGGGCCGCGCCCGCCGCCAAAAACGTGCTTGATGCCATTGAGGTGCTGCGCGGCATGAACACCGACAACGCCCGCAAGCTGCCAGCCGATGCACCGACCGGCTTCATCAAGCCGCGCTGGCAGAAACTGGTGATGACCGACGCCGGCATCGACCGGCGCTACTACGAACTGTGCGCGCTGTCCGAGTTGAAGAACTCCCTGCGCTCGGGCGACATCTGGGTGCAGGGTTCACGCCAGTTCAAGGACTTCGAGGACTACCTGGTACCGCCCGAGAAGTTCACCAGCCTCAAGCAGTCCAGCGAATTGCCGCTGGCCGTGGCCACCGACTGCGAACAATATCTGCATGAGCGGCTGACGCTGCTGGAAGCACAACTTGCCACCGTCAACCGCATGGCGGCAGCCAACGACCTGCCGGATGCCATCATCACCGAGTCGGGCTTGAAGATCACGCCGCTGGATGCGGCGGTGCCCGACACCGCGCAGGCGCTGATAGACCAGACAGCCATGGTCCTGCCGCACGTCAAGATCACCGAACTGCTGCTCGAAGTCGATGAGTGGACGGGCTTCACCCGGCACTTCACGCACTTGAAATCGGGCGATCTGGCCAAGGACAAGAACCTGTTGTTGACCACGATCCTGGCCGACGCGATCAACCTGGGCCTGACCAAGATGGCCGAGTCCTGCCCCGGCACGACCTACGCGAAGCTCGCTTGGCTGCAAGCCTGGCATACCCGCGACGAAACGTACTCGACAGCGTTGGCTGAACTGGTCAACGCTCAGTTTCGGCATCCCTTTGCCGGGCACTGGGGCGATGGCACCACATCATCATCGGACGGACAGAATTTCCGAACCGCTAGCAAGGCAAAGAGCACGGGGCACATCAACCCAAAATATGGCAGCAGCCCAGGACGGACTTTCTACACCCACATCTCCGACCAATACGCGCCATTCCACACCAAGGTGGTCAATGTCGGCCTGCGCGACTCAACCTACGTGCTCGACGGCCTGCTGTACCACGAATCCGACCTGCGGATCGAGGAGCACTACACCGACACGGCGGGCTTCACCGATCACGTCTTCGCCCTGATGCACCTCTTGGGCTTCCGCTTCGCGCCGCGCATCCGCGACCTGGGCGACACCAAGCTCTACATCCCGAAGGGCGATGCCGCCTATGACGCGCTCAAGCCGATGATCGGCGGCACGCTCAACATCAAGCACGTCCGCGCCCATTGGGACGAAATCCTGCGGCTGGCCACCTCGATCAAGCAGGGCACGGTGACGGCCTCGCTGATGCTCAGGAAACTCGGCAGCTACCCGCGCCAGAACGGCTTGGCCGTCGCGCTGCGCGAGTTGGGCCGCATCGAGCGCACGCTGTTCATCCTCGACTGGCTGCAAAGCGTCGAGCTACGCCGCCGCGTGCATGCCGGGCTGAACAAGGGCGAGGCGCGCAATGCGCTGGCCCGTGCCGTGTTCTTCAACCGCCTTGGTGAAATCCGTGACCGCAGTTTCGAGCAGCAGCGCTACCGGGCCAGCGGCCTCAACCTGGTGACGGCGGCCATCGTGCTGTGGAACACGGTCTACCTGGAGCGTGCGGCGCATGCGTTGCGCGGCAATGGTCATGCCGTCGATGACTCGCTATTGCAGTACCTGTCGCCACTCGGCTGGGAGCACATCAACCTGACCGGTGATTACCTATGGCGCAGCAGCGCCAAGATCGGCGCGGGGAAGTTCAGGCCGCTACGGCCTCTGCAACCGGCTTAGCGTGCTTTATT,MGE,0
istB,IS21-like element helper ATPase IstB,30042,30827,+,Non-conjugative DNA mobility,MMQHEGHVRILKSLKLFGMAHAIEELGNQNSPAFNQALPMLDSLIKAEVAEREVRSVNYQLRVAKFPVYRDLVGFDFSQSLVNEATVKQLHRCDFMEQAQNVVLIGGPGTGKTHLATAIGTQAVMHLNRRVRFFSTVDLVNALEQEKSSGRQGQIANRLLYADLVILDELGYLPFSQTGGALLFHLLSKLYEKTSVILTTNLSFSEWSRVFGDEKMTTALLDRLTHHCHILETGNESYRFKHSSTQNKQEEKQTRKLKIET*,CDS,0
tniB,transposase TniB,30897,31001,+,Non-conjugative DNA mobility,TATCGACAACCTCTCGCGCAACCAAGACATCGCGGTCGGACTGCAAGTGATCTTGAAGCCACGGGCCCGTCCCACCCCGACATGGACCTCGATGCCCGAACGGAC,CDS,1
ypeA 2,putative acyltransferase with acyl-CoA N-acyltransferase domain protein,31003,31503,-,Metabolism,MDSEEPPNVRVACSGDIDEVVRLMHDAAAWMSAKGTPAWDVARIDRTFAETFVLRSELLVASCSDGIVGCCTLSAEDPEFWPDALKGEAAYLHKLAVRRTHAGRGVSSALIEACRHAARTQGCAKLRLDCHPNLRGLYERLGFTHVDTFNPGWDPTFIAERLELEI*,CDS,0
sul1,dihydropteroate synthase,31631,32470,-,Antibiotic Resistance,MVTVFGILNLTEDSFFDESRRLDPAGAVTAAIEMLRVGSDVVDVGPAASHPDARPVSPADEIRRIAPLLDALSDQMHRVSIDSFQPETQRYALKRGVGYLNDIQGFPDPALYPDIAEADCRLVVMHSAQRDGIATRTGHLRPEDALDEIVRFFEARVSALRRSGVAADRLILDPGMGFFLSPAPETSLHVLSNLQKLKSALGLPLLVSVSRKSFLGATVGLPVKDLGPASLAAELHAIGNGADYVRTHAPGDLRSAITFSETLAKFRSRDARDRGLDHA*,CDS,0
qacEDelta,quaternary ammonium compound-resistance protein QacEdelta,32464,32811,-,Antibiotic Resistance,MKGWLFLVIAIVGEVIATSALKSSEGFTKLAPSAVVIIGYGIAFYFLSLVLKSIPVGVAYAVWSGLGVVIITAIAWLLHGQKLDAWGFVGMGLIIAAFLLARSPSWKSLRRPTPW*,CDS,0
aadA1,ANT(3'')-Ia family aminoglycoside nucleotidyltransferase AadA1,32975,33754,-,Antibiotic Resistance,VIAEVSTQLSEVVGVIERHLEPTLLAVHLYGSAVDGGLKPHSDIDLLVTVTVRLDETTRRALINDLLETSASPGESEILRAVEVTIVVHDDIIPWRYPAKRELQFGEWQRNDILAGIFEPATIDIDLAILLTKAREHSVALVGPAAEELFDPVPEQDLFEALNETLTLWNSPPDWAGDERNVVLTLSRIWYSAVTGKIAPKDVAADWAMERLPAQYQPVILEARQAYLGQEEDRLASRADQLEEFVHYVKGEITKVVGK*,CDS,0
AAC_AAD_leader,putative aminoglycoside riboswitch / attI site,33822,33744,-,Non coding RNA/Regulatory elements,GGAGCAGCAACGATGTTACGCAGCAGGGCAGTCGCCCTAAAACAAAGTTAAACATCATGAGGGAAGCGGTGATCGCCGA,NC_RNA,0
intI1,class 1 integron integrase IntI1,33915,34928,+,Non-conjugative DNA mobility,MKTATAPLPPLRSVKVLDQLRERIRYLHYSLRTEQAYVHWVRAFIRFHGVRHPATLGSSEVEAFLSWLANERKVSVSTHRQALAALLFFYGKVLCTDLPWLQEIGRPRPSRRLPVVLTPDEVVRILGFLEGEHRLFAQLLYGTGMRISEGLQLRVKDLDFDHGTIIVREGKGSKDRALMLPESLAPSLREQLSRARAWWLKDQAEGRSGVALPDALERKYPRAGHSWPWFWVFAQHTHSTDPRSGVVRRHHMYDQTFQRAFKRAVEQAGITKPATPHTLRHSFATALLRSGYDIRTVQDLLGHSDVSTTMIYTHVLKVGGAGVRSPLDALPPLTSER*,CDS,0
tnpM,transposition modulator TnpM,35281,35481,+,Non-conjugative DNA mobility,MNANEPSTSCCVCCKEIPLDAAFTPEGAEYVEHFCGLECYQRFQARASTATETSVKPDACDSPPSG*,CDS,0
tnpR,resolvase,35607,36167,+,Non-conjugative DNA mobility,MTGQRIGYIRVSTFDQNPERQLEGVKVDRAFSDKASGKDVKRPQLEALISFARTGDTVVVHSMDRLARNLDDLRRIVQTLTQRGVHIEFVKEHLSFTGEDSPMANLMLSVMGAFAEFERALIRERQREGIALAKQRGAYRGRKKSLSSERIAELRQRVEAGEQKTKLAREFGISRETLYQYLRTDQ*,CDS,0
tnpA,transposase TnpA,36170,39136,+,Non-conjugative DNA mobility,MPRRSILSAAERESLLALPDSKDDLIRHYTFNDTDLSIIRQRRGPANRLGFAVQLCYLRFPGVILGVDELPFPPLLKLVADQLKVGVESWNEYGQREQTRREHLSELQTVFGFRPFTMSHYRQAVQMLTELAMQTDKGIVLASALIGHLRRQSVILPALNAVERASAEAITRANRRIYDALAEPLADAHRRRLDDLLKRRDNGKTTWLAWLRQSPAKPNSRHMLEHIERLKAWQALDLPTGIERLVHQNRLLKIAREGGQMTPADLAKFEPQRRYATLVALATEGMATVTDEIIDLHDRILGKLFNAAKNKHQQQFQASGKAINAKVRLYGRIGQALIDAKQSGRDAFAAIEAVMSWDSFAESVTEAQKLAQPDDFDFLHRIGESYATLRRYAPEFLAVLKLRAAPAAKNVLDAIEVLRGMNTDNARKLPADAPTGFIKPRWQKLVMTDAGIDRRYYELCALSELKNSLRSGDIWVQGSRQFKDFEDYLVPPEKFTSLKQSSELPLAVATDCEQYLHERLTLLEAQLATVNRMAAANDLPDAIITESGLKITPLDAAVPDTAQALIDQTAMVLPHVKITELLLEVDEWTGFTRHFTHLKSGDLAKDKNLLLTTILADAINLGLTKMAESCPGTTYAKLAWLQAWHTRDETYSTALAELVNAQFRHPFAGHWGDGTTSSSDGQNFRTASKAKSTGHINPKYGSSPGRTFYTHISDQYAPFHTKVVNVGLRDSTYVLDGLLYHESDLRIEEHYTDTAGFTDHVFALMHLLGFRFAPRIRDLGDTKLYIPKGDAAYDALKPMIGGTLNIKHVRAHWDEILRLATSIKQGTVTASLMLRKLGSYPRQNGLAVALRELGRIERTLFILDWLQSVELRRRVHAGLNKGEARNALARAVFFNRLGEIRDRSFEQQRYRASGLNLVTAAIVLWNTVYLERAAHALRGNGHAVDDSLLQYLSPLGWEHINLTGDYLWRSSAKIGAGKFRPLRPLQPA*,CDS,0
ybjA,Ribosomal protein S18 acetylase RimI and related acetyltransferases,39203,39580,+,Metabolism,MKDYLCKKLFNRLSGTLVIRARCGNNITGLACCNILYPSPRYSGQLHIKELYVSQCDRNKGTGKAIMRFIARLALEQECLSLSWNAEKSNPGANRFYQALGGRINDHIVNYYLHGESLSKLASGI*,CDS,0
caT,chloramphenicol acetyltransferase:esponse to antibiotic,39781,40440,-,Antibiotic Resistance,MEKKITGYTTVDISQWHRKEHFEAFQSVAQCTYNQTVQLDITAFLKTVKKNKHKFYPAFIHILARLMNAHPEFRMAMKDGELVIWDSVHPCYTVFHEQTETFSSLWSEYHDDFRQFLHIYSQDVACYGENLAYFPKGFIENMFFVSANPWVSFTSFDLNVANMDNFFAPVFTMGKYYTQGDKVLMPLAIQVHHAVCDGFHVGRMLNELQQYCDEWQGGA*,CDS,0
Tn6108,Predicted transposon,40664,41431,+,Mobile Element,GGTGATGCTGCCAACTTACTGATTTAGTGTATGATGGTGTTTTTGAGGTGCTCCAGTGGCTTCTGTTTCTATCAGCTGTCCCTCCTGTTCAGCTACTGACGGGGTGGTGCGTAACGGCAAAAGCACCGCCGGACATCAGCGCTATCTCTGCTCTCACTGCCGTAAAACATGGCAACTGCAGTTCACTTACACCGCTTCTCAACCCGGTACGCACCAGAAAATCATTGATATGGCCATGAATGGCGTTGGATGCCGGGCAACCGCCCGCATTATGGGCGTTGGCCTCAACACGATTTTCCGCCATTTAAAAAACTCAGGCCGCAGTCGGTAACCTCGCGCATACAGCCGGGCAGTGACGTCATCGTCTGCGCGGAAATGGACGAACAGTGGGGATACGTCGGGGCTAAATCGCGCCAGCGCTGGCTGTTTTACGCGTATGACAGGCTCCGGAAGACGGTTGTTGCGCACGTATTCGGTGAACGCACTATGGCGACGCTGGGGCGTCTTATGAGCCTGCTGTCACCCTTTGACGTGGTGATATGGATGACGGATGGCTGGCCGCTGTATGAATCCCGCCTGAAGGGAAAGCTGCACGTAATCAGCAAGCGATATACGCAGCGAATTGAGCGGCATAACCTGAATCTGAGGCAGCACCTGGCACGGCTGGGACGGAAGTCGCTGTCGTTCTCAAAATCGGTGGAGCTGCATGACAAAGTCATCGGGCATTATCTGAACATAAAACACTATCAATAAGTTGGAGTCATTACC,MGE,0
insA,insertion element protein InsA,40719,40994,+,Non-conjugative DNA mobility,VASVSISCPSCSATDGVVRNGKSTAGHQRYLCSHCRKTWQLQFTYTASQPGTHQKIIDMAMNGVGCRATARIMGVGLNTIFRHLKNSGRSR*,CDS,0
insB,insertion element protein InsB,41039,41416,+,Non-conjugative DNA mobility,MDEQWGYVGAKSRQRWLFYAYDRLRKTVVAHVFGERTMATLGRLMSLLSPFDVVIWMTDGWPLYESRLKGKLHVISKRYTQRIERHNLNLRQHLARLGRKSLSFSKSVELHDKVIGHYLNIKHYQ*,CDS,0
delta diV,divergent AAA domain protein,41432,41674,+,Virulence and Defense Mechanism,AAACAGGGATTATTTATTCTCTCAGGCGAGAATAAAATAGACGAAGAATGTTTCATTAATATAGTCCAAACGGCTGTCGCCATAAATAACATCGGTAGAGAATCTAATGGTTATATTTTAGTTGGTGTTTCCGATACCAAAGCTACGGCAGACAGAGTTAAGACTTTATATGGTGTTACCCCTATTGAGTGCAATGGCTATTATATCAATGGAATTGATCATGAAGCTGTAATTCAATCAAAA,CDS,1
ycdA,site-specific DNA-methyltransferase (adenine-specific) activity,42962,43198,-,"Plasmid Maintenance, Replication and Regulation",MKNIWSDNNAPELTPAGYVKVALTHNLPVFSCVSQAQYINSLAIKFVTDFVLASKNPSDIPGFKLKQLFIPYVDELTE*,CDS,0
ycdB,Membrane protein YcdB,43227,43508,+,Other,MNYDEITKITAERISDYMTEAVNTDSKSVAEMFHNAAWGVLSLWFELVTKIDLDIHKKNRYASYDFRRKIEMQHEEFQKMTEREQVPLLKLPE*,CDS,0
stbB,plasmid stable inheritance protein StbB,43631,43984,-,"Plasmid Maintenance, Replication and Regulation",MMDKRRTIAFKLNPDVNQTDKIVCDTLDSIPQGERSRLNRAALTAGLALYRQDPRTPFLLCELLTKETTFSDIVNILRSLFPKEMADFNSSIVTQSSSQQEQKSDEETKKNAMKLIN*,CDS,0
sopA,plasmid-partitioning protein SopA,43984,44946,-,"Plasmid Maintenance, Replication and Regulation",MLVFIDDGSTNIKLQWQESDGTIKQHISPNSFKREWAVSFGDKKVFNYTLNGEQYSFDPISPDAVVTTNIAWQYSDVNVVAVHHALLTSGLPVSEVDIVCTLPLTEYYDRNNQPNTENIERKKANFRKKITLNGGDTFTIKDVKVMPESIPAGYEVLQELDELDSLLIIDLGGTTLDISQVMGKLSGISKIYGDSSLGVSLVTSAVKDALSLARTKGSSYLADDIIIHRKDNNYLKQRINDENKISIVTEAMNEALRKLEQRVLNTLNEFSGYTHVMVIGGGAELICDAVKKHTQIRDERFFKTNNSQYDLVNGMYLIGN*,CDS,0
yfdB,conserved hypothetical plasmid protein,45120,45383,+,Other,ACAAAAGATGTCGCCGGGCTCCTCTTTTTACTGCGCCGGCTGACGCGGCGCGGCAGGAACGCTGCCTGTGGTCAGTGTCCCGCGTCCGGCCGGGCACGGGACGGGCGCTTTTACCGCTCCCGGCTGGCGTTGGTGACAGTGTACGCCAGCCCGTCGCCCTTTTCTGATGAACGCCCTTCAAGCCGCTTTCGCGGCATATCCTCGCCGTCAAAAAGACGACGGCTGCGGTATTCCACGGTCGGCCTGACCCGTTACCGGACGCGG,CDS,1
ycgA,hypothetical protein,45463,46146,+,Other,MSRFILGDCVRVMATFPGNAVDFILTDPPYLVGFRDRSGRTIAGDKTDEWLQPACNEMYRVLKKDALMVSFYGWNRVDRFMAAWKNAGFSVVGHLVFTKNYTSKAAYVGYRHECAYILAKGRPRLPQNPLPDVLGWKYSGNRHHPTEKPVTSLQPLIESFTHPNAIVLDPFAGSGSTCVAALQSGRRYIGIELLEQYHRAGQQRLAAVQRAMQQGAANDDWFMPEAA*,CDS,0
yfcA,putative cytoplasmic protein YfcA,46147,46368,+,Other,MNYAGHEKLRAEVAEVANAMCDLRTTMNEMEQRYSFNADTLPERLVRQTLFRANRLLMEAYTEILELEACFKD*,CDS,0
ycgB,hypothetical protein YcgB,46382,46816,+,Other,MYGTCETLCRELAVKYPGDMPLMLVIWSPEEIQALADGMEISLTGHEIRTVLARLEDIPEDQRIESGISSAAVMEIIRNESENRLVTVPAELLASLIQTAEQALWKREWAARDHGLAVPECVTRRQEVVNQARTLLKNNTHEND*,CDS,0
ychA,YchA : Autotransporter outer membrane beta-barrel domain-containing protein,46816,47643,+,Virulence and Defense Mechanism,MLSPPALRAAIQGERLIMNENSTLNALICRHARNLLLAQGWPEETDVDQRNPKYPGWISIYVLLDAPRLATLLINRHGGVLPPLLASAIQKLTGTGAELVLSGSQWQSLPVLPADGTQVSFPYAGEWLTEDEIRAVLAAVRDAVRSVSCRVAEDARRIRAALTTTGQTLLTRQTRRFRLVVKESDHPCWLDEDDENLPVVLDAIVNRGARFSSVEMYLVSDCIEHILSSGLACDVLRIPDEPPRRWFDRGVLREVVREARAEIRSMADALAKIRK*,CDS,0
yciA,YciA,47645,48058,+,Other,GACGTTGGCGGGGTAAATCCCCGCCTTTTTCCTGCCGGTCCCCGGACAGAGCACAAAGGAAGTCGCCGCCGGCTCCGCTTTACCCGGCCATGCAGGGCATGGCCTTGTGGTTTTTCAGTTATGTGGCCTCAGCGTCGTGTGCGGGCTGTGCCGTGCCTCCATCTTAGCCGGGCTGGCAGGGATGCAAGGGTACGCTTCGCCGCTGCGGTCACCCGGTCCCTCCTTCCCGTCTGCCGTGATTTTCCGGTCGTTCACCCGCTCAGATTTCGCGGTCTCACCCTCCAACTCCCGCCAGCCGTGTGCGTCAGGCTGCGGCTTCCCTTGCGCCCTGTGCATCCCCGCCTTATCGCCCGGCTTTTATGGAGGCACGGCACCGCCCGGTGTCGCGGAATATGTGAACAACGGAGGAAAACA,CDS,1
klcA,Antirestriction protein KlcA,48061,48486,+,"Plasmid Maintenance, Replication and Regulation",MQYAKPVTLNVEECDRLSFLPYLFGNDFLYAEAYVYALAQKMMPEYQGGFWHFIRLPDGGGYMMPDGDRFHMVNGANWFDRTVSADAAGIILTSLVINRQLWLYHDSGDAGLTQLYRMRDAQLWRHIEFHPECNAIYAALD*,CDS,0
ycjA,Adenine-specific methyltransferase,48533,48955,+,"Plasmid Maintenance, Replication and Regulation",MYCTVKEIIREVLNTDVPDSECVFAVVLTRGDVRHIAQDWSLTDDELETVMQRLDDAFAHGADVSIVHDVVRELMEEKRASRQVTVPAVMLEKVMALAGSEMKRLYAVGSENGGDGDAFVREEREAMDVVLQALDGEHMS*,CDS,0
yffA,hypothetical protein,48952,49143,+,Other,MNISTETREILRNYKAVINARRREMGQKPLTTAQIVDEICDFVANQQAVFLGGHYILQGSINR*,CDS,0
ydaA,hypothetical protein,49355,49687,+,Other,CAGTGTTGTTCTGTCTGCCGGGCGCACCTTCGGCTCCCGGCTGCCTGGCGGCATCCGGTCGTCAGGCCCGACTCCGACAGGCAGCTGCTGGCGCACCTGCCAGTCTCCGCCGAACCCGCTGGCGCGGTTTCGGGCTGCCGCTACGGTCCGATGCGTGAAAACCCCTGGCTTGCAGCGACCGTTCCGGTCGCGCCGCCTCTGTCGCGCCGTGGCCTGCGCTCCCGGCATCCCGGCAAAAGGCCGCCGGGATGTAAGGGGCAACGCCGTTTCGCGCACGCGCTCTCCGTCGTTGCGGCGGGCCCCTGCTCATTGCCTGCCGGGTGCCACACACCC,CDS,1
ydaB,Uncharacterized Protein YdaB,50181,50411,+,Other,MTVSIVSPSAAAVKPRRHPRFRREDIPTPEIDPVLKAFGRHIARSFHRGRGVHIPAMKNTAFGQVLRTLELKRAFN*,CDS,0
ydbA,hydrolase activity,50463,51824,+,Metabolism,MTLAAITMTAPEAASPVQMYRATYSPDDNKLRLYAVSRLDPETYKKVHDAGFRWAPKQALFVAPAWTPGREDVLLSLAGEIEDEDSTLAERQEARAERFTGYSGKRASESAQALDEVERLAAMIPPGQPILVGHHSERRARRDAQRIENGMKRAVMLFERAEYWEERARSALLHAKYKERPDVRWRRIKKIEADLRKAEKTIAQSQKYLTMWRAESLDLNMAKLISSHDHISACFPLDTYPRPAEKSQYEGSRSLWSALDDDIITTEQAREIAIRCHERQIQHQQRWVNHYQNRLIYERAMLDESGGVVTRTQDFEPGGQVFSRGEWLTIIRVNKSNGAVSSVTTPNYSFLGYSGTMKVTPDRITDYKAPSAEEAAIASQAAKRPPVVNYPGEGFREMTKAQWAALPRDCKAVRSVAEAEDHGAYRYRRTMDNNFRLVNVYITDMKITEIPQK*,CDS,0
ydcA,Trans-aconitate methyltransferase,51871,52434,+,Metabolism,MHSQLRERIRLMRARLDNAAPVAEIRAESQLFVTPAPVCDRLVTLAEISNRDHILEPSAGTGAILRAIRDTAPEAMCDAVEINSGLVRYLRENFNGVRVQCGDFMEWQPVQYYSRIIMNPPFSHGQDIRHILRAFSLLRPGGVLVAVCLNGPRQQEKLLPFSDVREELPRGTFAYTDVPTMIIRLRA*,CDS,0
ORF,Open reading frame,52434,52664,+,Open reading frame,MTQGWREDKCPSVRTGKRPRAGGAERGRAHAPPLSLRGRSDGGFCLFRPVICLLLMMLLFLLLLLLLLLLFFFLPL*,CDS,0
yfhB,conserved hypothetical protein,52666,53073,+,Other,TCTGACTACTGCAGTGTTGTCCTGTCTGCCGGGCGCACCTTCGGCTCCCGGCTGCCTGGCGGCATCCGGTCGTCAGGCCCGACTCCGACAGGCAGCTGCTGGCGCACCCGCCAGTCTCCGCCGAACCCGCTGGCGCGGTTTCGGGCTGTCGCTACGGTCCGATGCGTGAAAACCCCGGGCTTGCAGCGACCGTTCCGGTCGCGCCGCCTCTGTCGCGCCGTGGCCTGCGCTCCAGGCATCCCGGCAAAAAGACGCCGGGATGTAAGGCGCAACGCCGTTTCGCAAACCGCGCTTCACGTCGTTGCGGCGGGTCCCTGCCCGTTGTTGTGTCCGGTGCCATTCACCTGTTTAAGCCCCTGTCGCCGGGGGCTGATACAGCCACAACCTGCCGCACCTGTCCAGGGTAAA,CDS,1
ssB,single-stranded DNA-binding protein,53304,53831,+,Stress Response,MAVRGINKVILVGRLGKDPEVRYIPNGGAVANLQVATSESWRDKQTGEIREQTEWHRVVLFGKLAEVAGEYLRKGAQVYIEGQLRTRSWEDNGITRYVTEILVKTTGTMQMLGRAAGTQTQPEEAQQFSGQPQPESQPEPKKGGAKTKGRGRKAAQPEPQQPSEPAYDFDDDIPF*,CDS,0
ykfF,hypothetical protein,53887,54120,+,Other,MSEYFRILQGLPDGPFTRKQAEAVAAQYRNVFIEDDQGTHFRLVVRQDGTLIWRSWNFEDCAGYWMNRYIRDFGILK*,CDS,0
sopB,Centromere binding protein SopB,54179,56137,+,"Plasmid Maintenance, Replication and Regulation",MPVTKCEPETTRKASRKSVKTQETALSALLAQTEEVSVPLDSLIKSPLNVRTVPYSAESVSELADSIKGVGLLQNLVVHALPGDRYGVAAGGRRLAALNMLAERDIIPADWPVRVKIIPQELATAASMTENGHRRDMHPAEQIAGFRAMAQEGKTPAHIGDLLGYSPRHVQRMLKLADLAPVILDALAEDRITTEHCQALALENDTARQVQVFEAACQSGWGGKPEVQTIRRLVTESEVAVAGNSKFRFVGADAFSPDELRTDLFSDDGDGYVDRVALDAALLEKLQAVAEHLREAEGWEWCAGRMEPVGECREDAGTYRCLPEPEAVLTEAEDERLNELMTRYDALENQCEESDLLEAEMKLMRCMAKVRAWTPEIRAGSGVVVSWRYGNVCVQRGVQLRSEDDATDDADRTEQVQEKASVEEISLPLLTKMSSERTLAVQAALMQQPDKSLALLAWTLCLNVFGSGAYSKPAQISLECEHYSLTSDAPSGKEGAAFMALMAEKSRLAALLPEGWSRDMTTFLSLSQEVLLSLLSFCTACSLNGVQTRECGHTSRSPLDSLESAIGFHMRDWWQPTKANFFGHLKKPQIIAALNEAGLSGAARDAEKMKKGDAAEHAEHHMKDNRWVPGWMCAPHPQTDATERTDNLADAA*,CDS,0
psiB,conjugation system SOS inhibitor PsiB,56192,56626,+,Stress Response,MKTELTLNALQSMNAQEYEDIRAAGSDMRRNLTHEVMREVDAPANWMMNGEYGSEFGGFFPVQVRFTPAHERFHLALCSPGDVSQVWVLVLVNAGGEPFAVVQVQRRFAPEAVSHSLALAASLDAQGYSVNDIIHILMAEGGQA*,CDS,0
psiA,plasmid SOS inhibition protein PsiA,56623,57342,+,Stress Response,MSARSQALVPLSTEQQAAWRAVAETEKRRHQGNTLAEYPYAGAFFRCLNGSRRISLSDLRFFMPSLTAEELHGNRLQWLYAIDVLIETQGEVCLLPLPGDAAERLFPSVRFRVRERSRHKSALVMQKYSRQQAREAEQKARAYQALVAQAEIELAFHSPETVGSWHARWSDRVAEHDLETLFWQWGERFPSLAGMERWQWQDMPFWQVIAEASLAAREAGHAVREMERWMVPNKLREAA*,CDS,0
sok,sok antitoxin (CssrC),57448,57624,+,Non coding RNA/Regulatory elements,CGGCGCTTGAGGCTTTCTGCCTCATGACGTGAAGGTGGTTTGTTGCCGTGTTGTGTGGCAGAAAGAAGATAGCCCCGTAGTAAGTTAATTTTCATTAACCACCACGAGGCATCCCTATGTCTAGTCCACATCAGGATAGCCTCTTACCGCGCTTTGCGCAAGGAGAAGAAGGCCATG,NC_RNA,0
moK,Modulator of post-segregation killing protein Mok,57564,57776,+,Toxin-Antitoxin System,MSSPHQDSLLPRFAQGEEGHETTTKFPCLVCVDRVSHTVDIHLSDTKIAVRDSLQRRTQGGGGFHGLRIR*,CDS,0
yfhB,conserved hypothetical protein,58089,58469,+,Other,GCCGGGCGCACCTTCGGCTCCCGGCTGCCTGGCGGCATCCGGTCGTCAGGCCCGACTCCGACAGGCAGCTGCTGGCGCACCCGCCAGTCTCCGCCGAACCCGCTGGCGCGGTTTCGGGCTGTCGCTACGGTCCGATGCGTGAAAACCCCGGGCTTGCAGCGACCGTTCCGGTCGCGCCGCCTCTGTCGCGCCGTGGCCTGCGCTCCAGGCATCCCGGCAAAAAGACGCCGGGATGTAAGGCGCAACGCCGTTTCGCAAACCGCGCTTCACGTCGTTGCGGCGGGTCCCTGCCCGTTGTTGTGTCCGGTGCCATTCACCTGTTTAAGCCCCTGTCGCCGGGGGCTGATACAGCCACAACCTGCCGCACCTGTCCAGGGTAAA,CDS,1
yubO,YubO,58699,58986,+,Other,MSTRNIHVNTASYTLLVAGKKKNTGEEWDVLEFSSLTELKKYRKSHPEKMAFSYSYALSQGVDKQFRHINIAEVDHFKQFLRQIKRAGLDIRAIC*,CDS,0
yubP,conserved hypothetical protein,59107,59928,+,Other,MRLASRFGRYNSIRRERPLTDDELMQFVPSVFSGDKHESRSERYTYIPTINIINKLRDEGFQPFFACQSRVRDLGRREYSKHMLRLRREGHINGQEVPEIILLNSHDGSSSYQMIPGIFRFVCTNGLVCGNNFGEIRVPHKGDIVGQVIEGAYEVLGVFDKVTDNMEAMKEIHLNSDEQHLFGRAALMVRYEDENKTPVTPEQIITPRRREDKQNDLWTTWQRVQENMIKGGLSGRSASGKNTRTRAITGIDGDIRINKALWVIAEQFRKWKS*,CDS,0
ygfA,Lytic transglycosylase YgfA,60225,60872,-,Metabolism,MIQIANQQKLVFAWGVVLLVVRTTNLLSLFVEWVKLFTDKVTRGGKMKKWMLAICLMFINEICQATDCFDLAGRDYKIDPDLLRAISWKESRYRVNAIGINPVTGYGSGLMQVDSQHFNELARYGIKPEHLTTDPCMNIYTGAYYLAIAFKKWGVTWEAVGAYNAGFRKSERQNQRRLAYASEVYRIYTGIKSSKGIRLPATKKSLPEINSVQNN*,CDS,0
oriT,Origin of Transfer,60710,61159,+,Origin of Transfer,AGATGGCTAACATCCATTTTTTCATTTTTCCACCTCTGGTGACTTTATCCGTAAATAATTTAACCCACTCCACAAAAAGGCTCAACAGGTTGGTGGTTCTCACCACCAAAAGCACCACACCCCACGCAAAAACAAGTTTTTGCTGATTTGCTATTTGAATCATTAACTTATGTTTTAAATAATGTATTTTAATTTATTTTACATTATAAAAAGGATTCATTGGTGAATCGCATATGATTCACCAATGAATTTAACGCAACTCATAGATGAATCAGTAATAATAAAACAACGAGTTAAAGCGAATTGACTCTAGATTCAATTCGTGATGTGATTTGCTGCATGAATCGTAATTTTCGTAACTTGCGTCACGATTCGATTCATCGATGAATTGTCATTTTTTTATATGTGAAATAAATTTGATGCGATAAGAAAATAAAGAGGTATACATAT,ORIT,0
traM,conjugal transfer relaxosome DNA-binding protein TraM,61158,61541,+,Conjugation,MAKVQAYVSDEIVYKINKIVERRRAEGAKSTDVSFSSISTMLLELGLRVYEAQMERKESAFNQAEFNKVLLECAVKTQSTVAKILGIESLSPHVSGNPKFEYANMVEDIRDKVSSEMERFFPENDEE*,CDS,0
traJ_5,traJ 5' UTR,61632,61740,+,Non coding RNA/Regulatory elements,ACGTGGTTAATGCCACGTTAAAAATTGAAACTGAAAATCGCCGATGCAGGGAGGTCTGAACTCCCTGCATCGACTGTCCATAGAATCCTTAACGGAGGTTCCTATGTGT,NC_RNA,0
traJ,conjugal transfer transcriptional regulator TraJ,61735,62421,+,Conjugation,MCALDRRERPLNSQSVNKYILNVQNIYRNSPVPVCVRNKNRKILYANGAFIELFSREDKPLSGESYIRLQVEIFLSSLELECQALGHGSAFCRRFNFHGEIYQIRMENVSFYNDESVVLWQINPFPDYPFFALNQSGSNTNTSDKLTIWNDLSPGTLVVFSFYMLGVGHATIARELGITDRASEDRIKPVKRKIKEFFEHFDLFRVSCIYKGEIDSLLSIIREFYGVK*,CDS,0
FinP,FinP,61741,61665,-,Non coding RNA/Regulatory elements,CACACATAGGAACCTCCGTTAAGGATTCTATGGACAGTCGATGCAGGGAGTTCAGACCTCCCTGCATCGGCGATTTT,NC_RNA,0
traY,Relaxosome auxiliary protein TraY,62515,62742,+,Conjugation,VRRRNARGGISRTVSVYLDEDTNNRLIRAKDRSGRSKTIEVQIRLRDHLKRFPDFYNEEIFREVIEENESTFKEL*,CDS,0
traA,Type IV secretion system: F type propilin (T4SS) traA,62776,63138,+,Conjugation,MNTVLSVQGASAPVKKKSFFSKFTRLNMLRLARAVIPAAVLMMFFPQLAMAAQGQDLMASGNTTVKATFGKDSSVVKWVVLAEVLVGAVMYMMTKNVKFLAGFAIISVFIAVGMAVVGLK*,CDS,0
traL,type IV conjugative transfer system protein TraL: pilus assembly,63140,63454,+,Conjugation,MMSGDENKLKKYRFPETLTNQSRWFGLPLDELIPAAICIGWGITTSKYLFGIGAAVLVYFGIKKLKKGRGSSWLRDLIYWYMPTALLRGIFHNVPDSCFRQWIK*,CDS,0
traE,type IV conjugative transfer system protein TraE : pilus assembly,63476,64042,+,Conjugation,MEHGARLSTSRVMAIAFIFMSVLIVLSLSVNVIQGVNNYRLQNEQRTAVTPMGFNVPFAVSQNSADASYLQQMALSFIALRLNVSSETVDASHQALLQYIRPGAQNQMKVILAEEAKRIKNDNVNSAFFQTSVRVWPQYGRVEIHGVLKTWIGDSKPFTDIKHYILILKRENGVTWLDNFGETDDEKK*,CDS,0
traK,type IV conjugative transfer system secretion protein TraK,64029,64757,+,Conjugation,MRKNNTAIIFGSLFFSCSVMAANGTLAPTVVPMVNGGQASIAISNTSPNLFTVPGDRIIAVNSLDGALTNNEQTASGGVVVATVNKKPFTFILETERGLNLSIQAVPREGAGRTIQLVSDLRGTGEEAGAWETSTPYESLLVTISQAVRGGKLPAGWYQVPVTKETLQAPAGLSSVADAVWTGNHLKMVRFAVENKTLSALNIRESDFWQPGTRAVMFSQPASQLLAGARMDVYVIRDGEGN*,CDS,0
traB,F-type conjugal transfer pilus assembly protein TraB,64757,66184,+,Conjugation,MASINTIVKRKQYLWLGIVVVGAASAIGGALYLSDVDMSGNGEAVAEQEPVPDMTGVVDTTFDDKVRQHATTEMQVTAAQMQKQYEEIRRELDVLNKQRGDDQRRIEKLGQDNAALAEQVKALGANPVTATGEPVPQTPASPPGPEGEPQPGNTPVSFPPQGSVAVPPPTAFYPGNGVTPPPQVTYQSVPVPNRIQRKVFTRNEGKQGPSLPYIPSGSFAKAMLIEGADANASVTGNESTVPMQLRITGLVEMPNSKTYDATGCFVGLEAWGDVSSERAIVRTRNISCLKNGKTIDMPIKGHVSFRGKNGIKGEVVMRNGKILGWAWGAGFVDGIGQGMERASQPAVGLGATAAYGAGDVLKMGIGGGASKAAQTLSDYYIKRAEQYHPVIPIGAGNEVTVVFQDGFQLKTVEEMALERTQSRAEEENQESPVPVPPSAESHLNGFNTDQMLKQLGNLNPQQFMSGSQGGGNDGK*,CDS,0
traP,conjugal transfer pilus-stabilizing protein TraP,66174,66758,+,Conjugation,MANNMSSRQACHAARYVVARVLRGLFWCLKYTVILPLATMALMALFVLWKDNTTPGQLLVQEIDFVRQTAPAGQFPVRECLPSLHDLPGAEEKICRYRAADAADYVRETDRSLMQLVTALWATLALMYVSLAVISGKYPVLPGKMKCIRGVTADERLTEVYTEDASLPEKIRKCPVYFPDDRTNRNNGDKNEHA*,CDS,0
traL,type IV conjugative transfer system protein TraL: pilus assembly,66745,67065,+,Conjugation,MNMRNINVITARSVPDKSVSDDFMHAVLSNCTTRIVLPAPKEFSSESLPHNFNMAAVGVMKKGMSMSLFSSPGHIVVAGQSGGGKSVPVKELIDRIIQKYKEPFDE*,CDS,0
traK,type IV conjugative transfer system secretion protein TraK,67058,67309,+,Conjugation,MNKLVSDGSVKKINYPVLYESGITPPLCEVSAPEPDAGGKRIVAYVYKSSRNTVFENPDIVKTCTVRDLKNDFVNCDEKGEGQ*,CDS,0
traV,type IV conjugative transfer system lipoprotein TraV,67306,67821,+,Conjugation,MKQISLFIPLLGTLLLSGCAGTSTEFECNATTSDTCMTMEQANEKAKKLEQSSEAKPVAASLPRLAEGNFRTMPVQTITATTPSGSRPAVTALPEQKLLAPRPLFTAAREVKTIVPVSSVAPVTPPRPLRTGEQTAALWIAPYIDNQDVYHQPSSVFFVIKPSAWGKPRIN*,CDS,0
traR,conjugal transfer protein TraR,67956,68168,+,Conjugation,GTGAGTGATGAAGTCGATGAAGCATATTCAGTAACAGAACAACTGACCATGACAGGAATAAACCGGATACGCCAGAAAATAAATGCTCATGGTATTCCTGTTTATCTCTGTGAAGCATGCGGTAATCCTATTCCGGAAGCCCGGCGGAAAATATTTCCCGGTGTGACGTTATGTGTTGAATGTCAGGCGTATCAGGAAAGGCAGAGAAAACAT,CDS,1
ORF,Open reading frame,68170,68274,+,Open reading frame,MHKSVAEHIDLIPDEHELIFRKPKSLYMRREMAR*,CDS,0
traC,type IV secretion system ATPase protein TraC,68337,70964,+,Conjugation,VNNPLEAVTQAVNSLVTALKLPDESAKANEVLGEMSFPQFSRLLPYRDYNQESGLFMNDTTMGFMLEAIPINGANESIVEALDHMLRTKLPRGIPLCIHLMSSQLVGDRIEYGLREFSWSGEQAERFNAITRAYYMKAAATQFPLPEGMNLPLTLRHYRVFISYCSPSKKKSRADILEMENLVKIIRASFHGAKITTQTVDAQAFIEIVGEMINHNPDSLYPKRRQLDPYSDLNYQCVEDSFDLKVRADYLTLGLRENGRNSTARILNFHLARNPEIAFLWNMADNYSNLLNPEMSISCPFILTLTLVVEDQVKTHSEANLKYMDLEKKSKTSYAKWFPSVEKEAKEWGELRQRLGSGQSSVVSYFLNITAFCKDNNETALEVEQDILNSFRKNGFELISPRFNHMRNFLTCLPFMAGKGLFKQLKEAGVVQRAESFNVANLMPLVADNPLTPAGLLAPTYRNQLAFIDIFFKGMNNTNYNMAVCGTSGAGKTGLIQPLIRSVLDSGGFAVVFDMGDGYKSLCENMGGVYLDGETLRFNPFANITDIDQSAERVRDQLSVMASPNGNLDEVHEGLLLQAVRASWLAKKKQARIDDVVDFLKNARDNDQYVESPTIRSRLDEMIVLLDQYTANGTYGRYFNSDEPSLRDDAKMVVLELGGLEDRPSLLVAVMFSLIIYIENRMYRTPRTLKKLNVIDEGWRLLDFKNRKVGEFIQKGYRTCRRHTGAYITITQNIVDFDSDKASSAARAAWGNSSYKIILKQSAKEFAKYNQLFPDQFQPLQRDMIGKFGAAKDQWFSSFLLQVENHSSWHRLFVDPLSRAMYSSDGPDFEFVQQKRREGMSIHEAVWQLAWKKSGPEMASLEAWLEEHEKYRSVA*,CDS,0
traB,F-type conjugal transfer pilus assembly protein TraB,70961,71347,+,Conjugation,MTTTQKTTDVTAPRRSHWWWTVPGCLAMVLLNAAISYGIVRLNAPVTAAFNMKQTVDAFFDSASQKQLSEAQSKALSARFNTALEASLQAWQQKHHAVILVSPAVVQGAPDITREIQQDIARRMRAEP*,CDS,0
traW,type-F conjugative transfer system protein TraW,71344,71976,+,Conjugation,MRCRGLIALLIWGQSVAAADLGTWGDLWPVKEPDMLTVIMQRLTALEQSGEMGRKMDAFKERVIRNSLRPPAVPGIGRTEKYGSRLFDPSVRLAADIRDNEGRVFARQGEVMNPLQYVPFNQTLYFINGDDPAQVAWMKRQTPPTLESKIILVQGSIPEMQKSLDSRVYFDQNGVLCQRLGIDQVPARVSAVPGDRFLKVEFIPAEEGRK*,CDS,0
traU,conjugal transfer pilus assembly protein TraU,71973,72965,+,Conjugation,MKRSLWLLMLFLLAGHVPAASADSACEGRFVNPITDICWSCIFPLSLGSIKVSQGKVPDTANPSMPIQICPAPPPLFRRIGLAIGYWEPMALTDVTRSPGCMVNLGFSLPAFGKTAQGTAKKDEKQVNGAFYHVHWYKYPLTYWLNIITSLGCLEGGDLDIAYLSEIDPTWTDSSLTTILNPEAVIFANPIAQGACAADAIASAFNMPLDVLFWCAGSQGSMYPFNGWVSNESSPLQSSLLVSERMAFKLHRQGMIMETIGKNNAVCNEYPSPILPKERWRYQMVNMYPDSGQCHPFGRSVMRWETGKNPPNTKKNFGYLMWRKRNCVFL*,CDS,0
tnpA,transposase TnpA,73064,74272,-,Non-conjugative DNA mobility,MCELDILHDSLYQFCPELHLKRLNSLTLACHALLDCKTLTLTELGRNLPTKARTKHNIKRIDRLLGNRHLHKERLAVYRWHASFICSGNTMPIVLVDWSDIREQKRLMVLRASVALHGRSVTLYEKAFPLSEQCSKKAHDQFLADLASILPSNTTPLIVSDAGFKVPWYKSVEKLGWYWLSRVRGKVQYADLGAENWKPISNLHDMSSSHSKTLGYKRLTKSNPISCQILLYKSRSKGRKNQRSTRTHCHHPSPKIYSASAKEPWVLATNLPVEIRTPKQLVNIYSKRMQIEETFRDLKSPAYGLGLRHSRTSSSERFDIMLLIALMLQLTCWLAGVHAQKQGWDKHFQANTVRNRNVLSTVRLGMEVLRHSGYTITREDLLVAATLLAQNLFTHGYALGKL*,CDS,0
RNA-OUT,RNA-OUT,74265,74334,+,Non coding RNA/Regulatory elements,TCGCACATCTTGTTGTCTGATTATTGATTTTTCGCGAAACCATTTGATCATATGACAAGATGTGTATCCA,NC_RNA,0
yfdA,hypothetical protein,74375,74635,+,Other,ATCAGTGCTGTGCTGCTCAGGCTGATAAGCAGAACATTAAAATTATTTCCTTTTGGTCTTGTAATAGTGCCCGTTATATTATTTTATTTTGCACCTGACAGTTTTCTCGCTGAAATTATTCATGAATGGAAGAAGGCAGATATATCAGAACAAGTGACACTTGTCAGATTATATCTGAAGGTGACATTTACATGTGTGTTTATGGCTGTTTTTCTCAATTATCTTTTTTCTGATGAGTTCATGCCTGTAAATAGCAGAAAG,CDS,1
trbC,type-F conjugative transfer system pilin assembly protein TrbC,74647,75285,+,Conjugation,MNRKIFALFALTAGMHLAVHASENVNTTENRQFLKQQENLSRQLREKPDHQLKAWAEKQVLENPLQRSDNHFLDELVRKQQASQDGKPRQGALYFVSFSIPEEGLKRMLSETRHYGIPATLRGMVNNDLKATADAVLSLVKDGATDGVQIDPTLFSQYGIRSVPALVVFCSQGHDIIRGNLRVRQALEKVAATGDCRQVAHDLLAGKGDSGK*,CDS,0
traN,conjugal transfer mating pair stabilization protein TraN,75282,77090,+,Conjugation,MKRILPLILALVAGMAQADSNSDYRAGSDFARQIQGQGTGSIQSFKPQESIPGYNANPDETKYYGGVTAGGDGGLKNDGTTEWATGETGKTITESFMNKPKDILSPDAPFIQTGRDVVNRADSIVGNTGQQCSAQEISRSEYTNYTCERDLQVEQYCTRTARMELQGSTTWETRTLEYEMSQLPAREVNGQYVVSMTSPVTGEIVDAHYSWSRTYLQKSVPMTITVLGTPLSWNAKYSADASFTPVQKTLTAGVAFTSSHPVRVGNTKFRRHTAMKLRLVVRVKKASYTPYVVWSESCPFSKELGKLTKTECTEAGGNRTLVKDGQSYSMYQSCWAYRDTYVTQSADKGTCQTYTDNPACTLVSHQCAFYSEEGACLHEYATYSCESKTSGKVMLCGGDVFCLDGECDKAQSGKSNDFAEAVSQLAALAAAGKDVAALNGVDVRAFTGQAKFCKKAAAGYSNCCKDSGWGQDIGLAKCSSDEKALAKAKSNKLTVSVGEFCSKKVLGVCLEKKRSYCQFDSKLAQIVQQQGRNGQLRISFGRAKHPDCRGITVDELQKIQFDRLDFTNFYEDLMNNQKIPDSGVLTQKVKEQIADQLKQAGQ*,CDS,0
traC,type IV secretion system ATPase protein TraC,77117,77374,+,Conjugation,MKVIFTSNRFIDFLIRLLITAIVISPVIIWSWDTVKETTADGMLAAAFVILYSGVLLFILYFCFSALTGLQKADERKNDERNEDE*,CDS,0
traF,type-F conjugative transfer system pilin assembly protein TraF,77367,78110,+,Conjugation,MNKALLPLLLCCFIFPASGKDAGWQWYNEKINPKEKENKPVPAAPRQEPDIMQKLAALQTATKRALYEAILYPGVDNFVKYFRLQNYWTQQAGLFTMSAKKAMLAHPELDYNLQYSHYNGTVRNQLAADQAQQRQAIAKLAEHYGIMFFYRGQDPIDGQLAQVINGFRDTYGLSVIPVSVDGVINPLLPDSRTDQGQAQRLGVKYFPAMMLVDPKQGSVRPLSYGFISQDDLAKQFLNVSEDFKPNF*,CDS,0
trbA,conjugal transfer protein TrbA,78126,78464,+,Conjugation,MSEDYLKMFTGVVLLIFVIIAGYFFSERNDRKMFLLSSLVFLVINIACLYVLTASLWFLCGAIMNQGAAMVVPMVIGSLPNVTSFDRFRRIFICIMLSSAWSGVMWFFIRGL*,CDS,0
traQ,type-F conjugative transfer system pilin chaperone TraQ,78591,78875,+,Conjugation,MISKCRFSLPRLDITGMWVFSLGVWFHIVARLVYSKPWMAFFLAELIAAILVLFGAYQVLDAWIARVSREEREALEARQQAMMEGQQEGGHVSH*,CDS,0
trbB,conjugal transfer protein TrbB,78862,79407,+,Conjugation,MSLTKLLPVILLMMATGVQASTRDEIERLWNPQGMAVPPAQPAADTSARTEKPAPRWFRLSNGRQVNLADWKVVLFMQGRCPYCHQFDPVLKQLAQQYGFSVFPYTLDGQGDTAFPEALPVPPDVMQTFFPNIPVATPTTFLVNVNTLEALPLLQGATDAASFMARMDTVLQIYGEEKGAK*,CDS,0
trbJ,P-type conjugative transfer protein TrbJ,79397,79678,+,Conjugation,VRNKQVVLLIAGISGIATGIIVSLNIPFIRQGLFYPASPVEIVVSLCLTFSVSVVFFVGAIVGWISVSYYSRITCLNESSEISEETYNERKKK*,CDS,0
traE,type IV conjugative transfer system protein TraE : pilus assembly,79659,80051,+,Conjugation,MKEKRNDAELKNRKTKRNYDYERRVSDIYFDLFFVFVAAGTFLWVIMHSIFDACIDSWKADPALNNFRYMWNILMYVIPYTLWAFAGGFLIVYVRNPLNELINGGIRIFRLKRRMRRENSFREGNNDASH*,CDS,0
traH,F - type conjugal transfer pilus assembly protein TraH,80038,81411,+,Conjugation,MPRIKPLLVLCAVLLTVTPAASADVNSDMNQFFNKLGFASNVTQAGVWQGQAAGYAYGGSLYARTQVKNIQLISMTLPDINAGCGGIDAYLGSFSFINGDQLQRFVKQIMSNAAGYFFDLALQTTVPEIKTAKDFLQKMASDINSMNLSSCQVAQGLVGGLFPQTQESQQKVCQDIGSESNIFADWAASRQGCTVGGQSSSVRDKASDKDKERVLKNQNIIWEALKKNRMFDGNKELKEFIMTLTGTLIFGEDSEITPLPARTTDRDILRAIMEGGTAKIYHCNDSDKCLKVVADANVTIARDKALKSQITKLLTSIQNKAVSDTPLDAREQGFISSTTIPVFKYLIDPQMLGVSNSVVYQLTDYIGYDIMLQYIQELLQQARAMIATGNYPQAVMDNVLENLNQAQQQIAIFQSQVQVQQDALLVVERQMSYMRQQLSARMLSRYQNNYHFGGNSL*,CDS,0
traG,conjugal transfer mating-pair stabilization protein TraG,81408,84227,+,Conjugation,VNEVYVIAGGEWLRNNLNAIAAFMNTRTWDSIEKIALTLSVVAVAFMWVQRHNVMDLLGWVAVFVLISLLVNVRTSVQIIDNSDLVKVHRVDNVPVGLAMPLSLTTRIGHAMVVSYEMIFTQPDSVTYSKTGMLFGANLIVKSTDFLSRNPEIINLFQDYVQNCVLGDIYLNHKYTLEDLMASADPYTLIFSRPSPLRGVYDNNNNFITCKDASVTLKDRLNLDTKTGGKTWHYYVQQIFGGRPDPDLLFRQLVSDSYSYFYGSSQSASQIMRQNVTINALKEGITSNAARNGDTASLVNLATTSSMEKQRLAHVSIGHVTMRNLPMVQTILTGIAIGIFPLLVLAAVFNKLTLSVLKGYVFALMWLQTWPLLYAILNSAMTFYAKMNGAPVVLSELSQIQLKYSDLASTAGYLSAMIPPLSWMMVKGLGAGFSSVYSHFASSSISPTASAAGSVVDGNYSYGNMQTENVNGFSWSTNSTTSFGQMMYQTGSGATATQTRDGNMVMDASGAMSRLPVGINATRQIAAAQQEMAREASNRAESALHGFSSSIASAWNSLSQFGSNRGSSDSVTGGADSTMSAQDSMMASRMRSAVESYAKAHNISNEQATQELASRSTRASAGMYGDAHAEWGVKPKILGVGGGLGVRGGGRAGIDWSDDDAHQASSGSRASNDARHDIDARATQDFKEASDYFTSRKVSESGSHTDNNADSRVDQLSAALNSAKQSYDQYTTNMTRSHEYAEMASRTESMSGQMSEDLSQQFAQYVMKHAPQDAEAILTNTSSPEIAERRRAMAWSFVQEQVQPGVDNAWRESRGDIGKGMESVPSGGGSQDIIADHQEHQAIIEQRTQDSNIRNDVKHQVDNMVTEYKGNIGDTQNSIRGEENIVRGQYSELQNHHKTEALSQNNKYNEEKSVQERMPGADSPQELMKRAKEYQDKYK*,CDS,0
AS-traG,Antisense to traG,82212,82127,-,Non coding RNA/Regulatory elements,TGGCAGACTGACTGGAGCCGTAGAAATAACTGTAACTGTCACTGACCAGTTGTCTGAATAACAGGTCCGGGTCCGGTCTGCCGCCA,NC_RNA,0
traS,conjugal transfer entry exclusion protein TraS,84252,84743,+,Conjugation,MRCLAHIALVTVIQFIACYLADWGSAETVFILCFIVLWQGLFIWLFSQIRKKRHVSDEFKFSKGVWYITMPVSSLLSPLLSLMVFIIGTLYELRRVSGCISIKKWGQNQLKNQYDGSEKLDFGGIEQPPTTYYNPSTGYPMHGGFDSAGNTFGTRWQDYYDRQ*,CDS,0
traT,conjugal transfer surface exclusion protein TraT,84730,85506,+,Conjugation,MTGNKKTVVCKKGNLMKTKKLMMVALVSSTLALSGCGAMSTAIKKRNLEVKTQMSETIWLEPASERTVFLQIKNTSDKDMSGLQGKIADAVKAKGYQVVTSPDKAYYWIQANVLKADKMDLRESQGWLNRGYEGAAVGAALGAGITGYNSNSAGATLGVGLAAGLVGMAADAMVEDVNYTMITDVQIAERTKATVTTDNVAALRQGTSGAKIQTSTETGNQHKYQTRVVSNANKVNLKFEEAKPVLEDQLAKSIANIL*,CDS,0
traD,conjugative transfer system coupling protein TraD,85759,87957,+,Conjugation,MSFNAKDMTQGGQIASMRIRMFSQIANIMLYCLFIFFWILVGLVLWVKISWQTFVNGCIYWWCTTLEGMRDLIKSQPVYEIQYYGKTFRMNAAQVLHDKYMIWCGEQLWSAFVLASVVALVICLITFFVVSWILGRQGKQQSENEVTGGRQLTDNPKDVARMLKKDGKDSDIRIGDLPIIRDSEIQNFCLHGTVSTGKSEVIRRLANYARKRGDMVVIYDRSCEFVKSYYDPSIDKILNPLDARCAAWDLWKECLTQPDFDNVANTLIPMGTKEDPFWQGSGRTIFAEAAYLMRNDPNRSYSKLVDTLLSIKIEKLRTFLRNSPAANLVEEKIEKTAISIRAVLTNYVKAIRYLQGIEHNGEPFTIRDWMRGVREDQKNGWLFISSNADTHASLKPVVSMWLSIAIRGLLAMGENRNRRVWFFCDELPTLHKLPDLVEILPEARKFGGCYVFGIQSYAQLEDIYGEKAAATLFDVLNTRAFFRSPSHQIAEFAAGEIGEKEHLKASLQYSYGADPVRDGISTGKEMERQTLVSYSDIQSLPDLTCYVTLPGPYPAVKLSLKYQARPKVAPEFIPRDINPEMENRLSAVLAAREAEGRQMASLFEPDVPEVVSGEDVTQAEQPQQPQQPQQPQQPQQPQQPVSPAINDKKSDSGVNIPAGGIEQELKMKPEEEMEQQLPPGISESGEVVDMAAYEAWQQENHPDIQQQMQRREEVNINVHRERGEDVEPGDDF*,CDS,0
traI,conjugative transfer relaxase/helicase TraI,87957,93227,+,Conjugation,MMSIAQVRSAGSAGNYYTDKDNYYVLGSMGERWAGKGAEQLGLQGSVDKDVFTRLLEGRLPDGADLSRMQDGSNKHRPGYDLTFSAPKSVSMMAMLGGDKRLIDAHNQAVDFAVRQVEALASTRVMTDGQSETVLTGNLVMALFNHDTSRDQEPQLHTHAVVANVTQHNGEWKTLSSDKVGKTGFIENVYANQIAFGRLYREKLKEQVEALGYETEVVGKHGMWEMPGVPVEAFSGRSQAIREAVGEDASLKSRDVAALDTRKSKQHVDPEIRMAEWMQTLKETGFDIRAYRDAADQRTEIRTQAPGPASQDGPDVQQAVTQAIAGLSERKVQFTYTDVLARTVGILPPENGVIERARAGIDEAISREQLIPLDREKGLFTSGIHVLDELSVRALSRDIMKQNRVTVHPEKSVPRTAGYSDAVSVLAQDRPSLAIVSGQGGAAGQRERVAELVMMAREQGREVQIIAADRRSQMNLKQDERLSGELITGRRQLLEGMAFTPGSTVIVDQGEKLSLKETLTLLDGAARHNVQVLITDSGQRTGTGSALMAMKDAGVNTYRWQGGEQRPATIISEPDRNVRYARLAGDFAASVKAGEESVAQVSGVREQAILTQAIRSELKTQGVLGHPEVTMTALSPVWLDSRSRYLRDMYRPGMVMEQWNPETRSHDRYVIDRVTAQSHSLTLRDAQGETQVVRISSLDSSWSLFRPEKMPVADGERLRVTGKIPGLRVSGGDRLQVASVSEDAMTVVVPGRAEPASLPVSDSPFTALKLENGWVETPGHSVSDSATVFASVTQMAMDNATLNGLARSGRDVRLYSSLDETRTAEKLARHPSFTVVSEQIKARAGETLLETAISLQKAGLHTPAQQAIHLALPVLESKNLAFSMVDLLTEAKSFAAEGTGFTELGGEINAQIKRGDLLYVDVAKGYGTGLLVSRASYEAEKSILRHILEGKEAVTPLMERVPGELMETLTSGQRAATRMILETSDRFTVVQGYAGVGKTTQFRAVMSAVNMLPASERPRVVGLGPTHRAVGEMRSAGVDAQTLASFLHDTQLQQRSGETPDFSNTLFLLDESSMVGNTEMARAYALIAAGGGRAVASGDTDQLQAIAPGQSFRLQQTRSAADVVIMKEIVRQTPELREAVYSLINRDVERALSGLESVKPSQVPRLEGAWAPEHSVTEFSHSQEAKLAEAQQKAMLKGEAFPDIPMTLYEAIVRDYTGRTPEAREQTLIVTHLNEDRRVLNSMIHDAREKAGELGKEQVMVPVLNTANIRDGELRRLSTWEKNPDALALVDNVYHRIAGISKDDGLITLQDAEGNTRLISPREAVAEGVTLYTPDKIRVGTGDRMRFTKSDRERGYVANSVWTVTAVSGDSVTLSDGQQTRVIRPGQERAEQHIDLAYAITAHGAQGASETFAIALEGTEGNRKLMAGFESAYVALSRMKQHVQVYTDNRQGWTDAINNAVQKGTAHDVLEPKPDREVMNAQRLFSTARELRDVAAGRAVLRQAGLAGGDSPARFIAPGRKYPQPYVALPAFDRNGKSAGIWLNPLTTDDGNGLRGFSGEGRVKGSGDAQFVALQGSRNGESLLADNMQDGVRIARDNPDSGVVVRIAGEGRPWNPGAITGGRVWGDIPDNSVQPGAGNGEPVTAEVLAQRQAEEAIRRETERRADEIVRKMAENKPDLPDGKTELAVRDIAGQERDRSAISERETALPESVLRESQREREAVREVARENLLQERLQQMERDMVRDLQKEKTLGGD*,CDS,0
AS-traI,Antisense to traI,90882,90806,-,Non coding RNA/Regulatory elements,CGGCACGCTGTCCCGACGTCAGTGTCTCCATGAGTTCGCCGGGTACTCTCTCCATCAGCGGCGTGACCGCCTCCTTA,NC_RNA,0
traX,type-F conjugative transfer system pilin acetylase TraX,93247,93993,+,Conjugation,MTTDNTNTTRNDSLAARTDTWLQSFLVWSPGQRDIIKTVALVLMVLDHINLIFQLKQEWMFLAGRGAFPLFALVWGLNLSRHAHIRQPAINRLWGWGIIAQFAYYLAGFPWYEGNILFAFAVAAQVLTWCETRSGWRTAAAILLMALWGPLSGTSYGIAGLLMLAVSYRLYRAEDRAERLALLACLLAVIPALNLASSDAAAVAGLVMTVLTVGLVSCAGKSLPRFWPGDFFPVFYACHLAVLGVLAL*,CDS,0
yieA,YieA Dienelactone hydrolase-related enzyme,94052,94912,+,Metabolism,MKITDHKLSEGIALTFRVPEGNIKHPLIILCHGLCGIRNVLLPCFANAFTEAGFATITFDYRGFGESDGERGRLVPAMQTEDIISVINWAEKQECIDNQRIGLWGTSLGGGHVFSAAAQDQRVKCIVSQLAFADGDVLVTGEMNESERASFLSTLNKMAEKKKNTGKEMFVGVTRVLSDNESKVFFEKVKGQYPEMDIKIPFLTVMETLQYKPAESAAKVQCPVLIVIAGQDSVNPPEQGKALYDAVASGTKELYEEADACHYDIYEGAFFERVAAVQTQWFKKHL*,CDS,0
finO,fertility inhibition protein FinO,95015,95575,+,Conjugation,MTEQKRPVLTLKRKTEGETPTRSRKTIINVTTPPKWKVKKQKLAEKAAREAELTAKKAQARQALSIYLNLPSLDEAVNTLKPWWPGLFDGDTPRLLACGIRDVLLEDVAQRNIPLSHKKLRRALKAITRSESYLCAMKAGACRYDTEGYVTEHISQEEEVYAAERLDKIRRQNRIKAELQAVLDEQ*,CDS,0
yigA,ANR family transcriptional regulator,95665,95883,+,"Plasmid Maintenance, Replication and Regulation",ATAACACATTCACCGGCCTGGATTAAAGGGGGAAGGAAAATGAACGGAACAGGGCGTGATTCGCAAAACTCCGGGGTATGGCGCTACCGGCAGGTCGGACGCCGGGCTGTCCGGCTGGAAGTCAGGGGGGACTGGCCGGGAGCCGCTGAGGCATGGCTACGGGCTGCGCAGTCTGCTCCCCGGACAGACTGGCAGCAGTTTGCCCGAAAAAGGGCTGAA,CDS,1
AS-pc02,Antisense to pHK01_099,95996,95813,-,Non coding RNA/Regulatory elements,CCGACCGGATATTAAAAAAAGCAAATCTCATGCATTATTCAGCCTTCTGAATCCCTGGAGTAATGAAGGCTGCTTTTTCGTTACACCCTTCCCCGGCAGCGCCGGTGGCAGTGTTCAGCCCTTTTTCGGGCAAACTGCTGCCAGTCTGTCCGGGGAGCAGACTGCGCAGCCCGTAGCCATGCCT,NC_RNA,0
yigB,TNase-like domain-containing protein YigB,96161,96622,+,Other,MRKYIPLVLFIFSWPVLCADIHGRVVRVLDGDTIEVMDSRKAVRIRLINIDAPEKKQDYGRWSTDMMKSLVAGKTVTVTYFQRDRYGRILGQVYAPDGMNVNQFMVRAGAAWVYEQYNTDPVLPVLQNEARQQKRGLWSDADPVPPWIWRHRK*,CDS,0
hhA,hemolysin expression modulator Hha,96668,96877,+,Toxin-Antitoxin System,MAKTKQEWLYQLRRCSSVNTLEKIIHKNRDSLLNSERESFNSAADHRLAELITGKLYDRIPKEIWKYVR*,CDS,0
yihA,hypothetical protein,96915,97505,+,Other,MKLIIFILIVLIIAALLIRIILRSVNQHSPLLMQLHAAGIRTGDAERILSGGEYWQRQKTLLTEREVSFMKGLFRIVDMKRWYLCPQVRVADIVQLNGNIRPRSRQWWQLFRMVSQWHVDVVIVERRSFSIVAAVELDDASHLRPERRRRDILLEEVLRQAGIPLLRSHDARKLLQMTGEWLNTTGAAQQSPEHRS*,CDS,0
